10_001	Kasus kontroversial pada era Buwas adalah penyidikan Mantan Wakil Menteri Hukum Denny Indrayana.	Kasus kontrovErsial pada Era Buwas adalah penyidikan Mantan Wakil Menteri Hukum DEnni Indrayana.
10_002	Kantor Charlie Hebdo di Paris diserang Al-Qaeda.	Kantor Charli HEbdo di Paris diserang Al-QaE-da.
10_003	Assalamu'alaikum Warrahmatullahi Wabarakatuh.	As-sa-la-mu-a-lai-kum Wa-roh-ma-tul-lo-hi Wa-ba-ra-ka-tuh.
10_004	Salam sejahtera bagi kita.	Salam sejahtera bagi kita.
10_005	Pimpinan dan Anggota Dewan Perwakilan Rakyat Republik Indonesia yang terhormat.	Pimpinan dan Anggota DEwan Perwakilan Rakyat REpublik IndonEsia yang terhormat.
10_006	Hadirin dan Sidang yang kami muliakan.	Hadirin dan Sidang yang kami muliakan.
10_007	Puji syukur kita panjatkan kehadirat Tuhan Yang Maha Kuasa. 	Puji syukur kita panjatkan kehadirat Tuhan Yang Maha Kuasa. 
10_008	Karena atas rahmat dan karunia-Nya kita masih diberi kesempatan dan kekuatan untuk melanjutkan karya dan pengabdian kita kepada bangsa dan negara tercinta. 	Karena atas rahmat dan karunia-Nya kita masih diberi kesempatan dan kekuatan untuk melanjutkan karya dan pengabdian kita kepada bangsa dan negara tercinta. 
10_009	Pada hari yang berbahagia ini, kita dapat hadir dalam Rapat Paripurna DPR RI.	Pada hari yang berbahagia ini, kita dapat hadir dalam Rapat Paripurna DE-PE-ER ER-I.
10_010	Sebagaimana diketahui bersama, bahwa Rancangan Undang-undang tersebut telah diselesaikan pembahasannya. 	Sebagaimana diketahui bersama, bahwa Rancangan Undang-undang tersebut telah diselesaikan pembahasannya. 
10_012	Hadirin dan Sidang yang kami muliakan.	Hadirin dan Sidang yang kami muliakan.
10_013	Dengan demikian kuorum telah tercapai. 	Dengan demikian kuorum telah tercapai. 
10_014	Dengan mengucap Bismillahirahmanirrahim , perkenankanlah kami selaku Pimpinan Dewan membuka Rapat Paripurna DPR RI. 	Dengan mengucap Bismillahirohmanirrohim, perkenankanlah kami selaku Pimpinan DEwan membuka Rapat Paripurna DE-PE-ER ER-I. 
10_015	Masa Sidang Pertama tahun sidang dua ribu lima belas dua ribu enam belas.	Masa Sidang Pertama tahun sidang dua ribu lima belas dua ribu enam belas.
10_016	Sidang kami nyatakan terbuka untuk umum.	Sidang kami nyatakan terbuka untuk umum.
10_017	Hadirin yang kami hormati.	Hadirin yang kami hormati.
10_019	Hadirin kami persilakan duduk kembali. 	Hadirin kami persilakan duduk kembali. 
10_020	Sidang Dewan yang kami hormati.	Sidang DEwan yang kami hormati.
10_021	Hasil Pembahasan Fit and Proper test calon Anggota Komisi Yudisial. 	Hasil Pembahasan Fit End Proper tEst calon Anggota Komisi Yudisial. 
10_022	Pendapat Fraksi-fraksi dan pengambilan keputusan terhadap dua RUU. 	Pendapat Fraksi-fraksi dan pengambilan keputusan terhadap dua ER-U-U. 
10_023	Sekarang kami ingin menanyakan kepada sidang Dewan yang terhormat, apakah acara tersebut dapat disetujui?	Sekarang kami ingin menanyakan kepada sidang DEwan yang terhormat, apakah acara tersebut dapat disetujui?
10_024	Belum-belum!	Belum-belum!
10_025	Baik silakan yang interupsi.	baik silakan yang interupsi.
10_026	Interupsi Pimpinan. 	Interupsi Pimpinan. 
10_027	Terima kasih Pimpinan.	Terima kasih Pimpinan.
10_028	Baik, tentunya Pak Misbakhun, dapat kami jawab yang acara pertama. 	Baik, tentunya Pak Misbakhun, dapat kami jawab yang acara pertama. 
10_029	Itu memang ada didalam surat yang ditujukan kepada Pimpinan Dewan.	Itu mEmang ada didalam surat yang ditujukan kepada Pimpinan DEwan.
10_030	Nanti akan saya bacakan. 	Nanti akan saya bacakan. 
10_031	Untuk itu kami sampaikan kepada paripurna, apakah draf ini bisa disetujui atau tidak?	Untuk itu kami sampaikan kepada paripurna, apakah draf ini bisa disetujui atau tidak?
10_032	Pimpinan yang saya hormati.	Pimpinan yang saya hormati.
10_034	Sebentar Pak Misbakun, bagaimana kalau acara yang pertama ini kita setujui dulu?	Sebentar Pak Misbakun, bagaimana kalau acara yang pertama ini kita setujui dulu?
10_035	Tentunya waktu jauh lebih efisien. 	Tentunya waktu jauh lebih EfisiEn. 
10_036	Nanti masalah debat dan lain sebagainya mari kita selesaikan.	Nanti masalah debat dan lain sebagainya mari kita selesaikan.
10_037	Baik, bapak Ibu sekalian yang saya hormati,	Baik, bapak Ibu sekalian yang saya hormati,
10_038	Sebelum memulai acara pertama perlu kami beritahukan bahwa Pimpinan Dewan, telah menerima keputusan Presiden Republik Indonesia. 	Sebelum memulai acara pertama perlu kami beritahukan bahwa Pimpinan DEwan, telah menerima keputusan prEsidEn REpublik IndonEsia. 
10_042	Petikan keputusan Presiden ini disampaikan kepada yang bersangkutan untuk dipergunakan sebagaimana mestinya.	Petikan keputusan prEsidEn ini disampaikan kepada yang bersangkutan untuk dipergunakan sebagaimana mestinya.
10_043	Ditetapkan di Jakarta, pada tanggal tiga puluh satu Agustus dua ribu lima belas.	Ditetapkan di Jakarta, pada tanggal tiga puluh satu Agustus dua ribu lima belas.
10_044	Rohaniwan dipersilakan menempati tempat yang telah ditentukan.	Rohaniwan dipersilakan menempati tempat yang telah ditentukan.
10_046	Saudara wajib bersumpah menurut agama Islam. 	Saudara wajib bersumpah menurut agama Islam. 
10_047	Apakah saudara bersedia? 	Apakah saudara bersedia? 
10_048	Patut saya ingatkan bahwa sumpah yang akan saudara ucapkan mengandung tanggung jawab terhadap bangsa dan negara Republik Indonesia.	Patut saya ingatkan bahwa sumpah yang akan saudara ucapkan mengandung tanggung jawab terhadap bangsa dan negara REpublik IndonEsia.
10_049	Tanggung jawab memelihara dan menyelamatkan Pancasila dan Undang-Undang Dasar Negara Republik Indonesia. 	Tanggung jawab memelihara dan menyelamatkan Pancasila dan Undang-Undang Dasar Negara REpublik IndonEsia. 
10_051	Janji kepada manusia yang harus ditepati, dengan segala keikhlasan, dan kejujuran. 	Janji kepada manusia yang harus ditepati, dengan segala keikhlasan, dan kejujuran. 
10_052	Saya harap saudara mengikuti dan menirukan kata-kata saya dengan hikmat.	Saya harap saudara mengikuti dan menirukan kata-kata saya dengan hikmat.
10_054	Sidang Dewan yang kami hormati.	Sidang DEwan yang kami hormati.
10_055	Marilah kita memasuki acara pertama Rapat Paripurna Dewan hari ini.	Marilah kita memasuki acara pertama Rapat Paripurna DEwan hari ini.
10_056	Selanjutnya Rapat Konsultasi Pengganti Badan Musyawarah DPR RI.	Selanjutnya Rapat Konsultasi Pengganti Badan Musyawarah DE-PE-ER ER-I.
10_057	Pembahasan Pembicaraan Tingkat satu tersebut berlangsung secara kritis.	Pembahasan Pembicaraan Tingkat satu tersebut berlangsung secara keritis.
10_058	Wallahuma Fiq Ilia Aquamitoriq.	Wallahuma Fik illa Aq-wa-mi-toriq.
10_059	Wassalamu'alaikum Warrahmatullahi Wabarakatuh, terima kasih semuanya.	Was-sa-la-mu-a-lai-kum Wa-roh-ma-tull-lo-hi Wa-ba-ro-ka-tuh, terima kasih semuanya.
10_060	Terima kasih kami sampaikan kepada Saudara Hanafi Rais.	Terima kasih kami sampaikan kepada Saudara Hanafi Rais.
10_061	Berikutnya , kami persilakan saudara Menteri Hukum dan HAM RI untuk menyampaikan pendapat akhir mewakili Presiden.	Berikutnya , kami persilakan saudara Menteri Hukum dan HAM ER-I untuk menyampaikan pendapat akhir mewakili prEsidEn.
10_062	Kami persilakan. 	Kami persilakan. 
10_065	Siapa yang mengubah jadwal Bamus yang tadinya perubahan Tata Tertib DPR RI? 	Siapa yang mengubah jadwal Bamus yang tadinya perubahan Tata Tertib DE-PE-ER ER-I? 
10_066	Interupsi Ketua, Yandri Ketua.	Interupsi Ketua, Yandri Ketua.
10_067	Saya menyambung dari Saudaraku Misbakhun, kalau memang sudah disetujui ya sudah. 	Saya menyambung dari Saudaraku Misbakhun, kalau mEmang sudah disetujui ya sudah. 
10_068	Tetapi mungkin jalan tengah saya usul Ketua. 	Tetapi mungkin jalan tengah saya usul Ketua. 
10_070	Saya kira itu jalan tengahnya Ketua.	Saya kira itu jalan tengahnya Ketua.
10_071	Interupsi Pimpinan, Arwani Pimpinan. 	Interupsi Pimpinan, Arwani Pimpinan. 
10_072	Saya kira terkait dengan agenda yang tiba-tiba dibatalkan.	Saya kira terkait dengan agEnda yang tiba-tiba dibatalkan.
10_074	Itu saja terima kasih.	Itu saja terima kasih.
10_075	Silakan yang lain.	Silakan yang lain.
10_076	Baik, terima kasih Ketua.	Baik, terima kasih Ketua.
10_077	Pimpinan, berarti yang mengubah jadwal Bamus adalah Pimpinan. 	Pimpinan, berarti yang mengubah jadwal Bamus adalah Pimpinan. 
10_078	Saya ingin jawaban, saya tidak ingin menanyakan substansinya.	Saya ingin jawaban, saya tidak ingin menanyakan substansinya.
10_079	Saya ingin menanyakan siapa yang mengubah jadwal Bamus. 	Saya ingin menanyakan siapa yang mengubah jadwal Bamus.
10_080	Saya tidak berbicara tentang substansi.	Saya tidak berbicara tentang substansi.
10_081	Saya mau jawaban yang clear dan jelas.	Saya mau jawaban yang klir dan jelas.
10_082	Itu catatannya , terima kasih.	Itu catatannya , terima kasih.
10_083	Baik, kami berikan keterangan bahwa seperti yang disampaikan Bapak Pimpinan.	Baik, kami berikan keterangan bahwa seperti yang disampaikan Bapak Pimpinan.
10_084	Memang akan kami sampaikan kepadanya gilirannya nanti.	MEmang akan kami sampaikan kepadanya gilirannya nanti.
10_085	Tetapi sekarang pun tidak apa-apa supaya kita bisa mengerti posisinya. 	Tetapi sekarang pun tidak apa-apa supaya kita bisa mengerti posisinya.
10_086	Usulan dari Baleg tentunya akan kami tanyakan kepada seluruh Dewan yang terhormat.	Usulan dari BalEg tentunya akan kami tanyakan kepada seluruh DEwan yang terhormat.
10_087	Pimpinan, Bamus sudah memutuskan agenda itu ada di dalam Rapat Paripurna hari ini. 	Pimpinan, Bamus sudah memutuskan agEnda itu ada di dalam Rapat Paripurna hari ini. 
10_088	Kenapa kemudian tidak ada di dalam jadwal.	Kenapa kemudian tidak ada di dalam jadwal.
10_089	Minta tolong , tolong dimasukan dulu ke dalam jadwal bahwa ada pembahasan masalah perubahan Tata Tertib yang kedua.	Minta tolong, tolong dimasukan dulu ke dalam jadwal bahwa ada pembahasan masalah perubahan Tata Tertib yang kedua.
10_090	Karena apa? 	Karena apa?
10_091	Pimpinan seenaknya mengubah hasil Bamus. 	Pimpinan se-Enaknya mengubah hasil Bamus.
10_092	Preseden yang akan terjadi yang akan datang bisa saja Pimpinan itu mengubah seenaknya keinginan.	PrEsEdEn yang akan terjadi yang akan datang bisa saja Pimpinan itu mengubah se-Enaknya keinginan.
10_093	Padahal Bamus itu adalah kesepakatan semua fraksi-fraksi yang ada.	Padahal Bamus itu adalah kesepakatan semua fraksi-fraksi yang ada.
10_094	Pimpinan, tolong dijawab dulu Pimpinan.	Pimpinan, tolong dijawab dulu Pimpinan.
10_095	Mohon izin Bapak Agus.	Mohon izin Bapak Agus.
10_096	Begini penjelasannya, kira-kira begini. 	Begini penjelasannya, kira-kira begini. 
10_097	Oke, baik.	Oke, baik.
10_098	Bapak dan Ibu sekalian yang saya hormati.	Bapak dan Ibu sekalian yang saya hormati.
10_099	Pimpinan, tolong didengar, interupsi Pimpinan .	Pimpinan, tolong didengar, interupsi Pimpinan .
10_100	Seharusnya kalau kita ingin meminta persetujuan harus ada dulu di dalam rumusan yang akan kita bahas. 	Seharusnya kalau kita ingin meminta persetujuan harus ada dulu di dalam rumusan yang akan kita bahas.
10_101	Selanjutnya untuk mempersingkat waktu marilah kita memasuki acara Rapat Paripurna Dewan hari ini.	Selanjutnya untuk mempersingkat waktu marilah kita memasuki acara Rapat Paripurna DEwan hari ini.
10_102	Selamat sore dan salam sejahtera untuk kita semua,	Selamat sorE dan salam sejahtera untuk kita semua,
10_103	Om swasti atu.	Om swasti atu.
10_104	Yang kami hormati Pimpinan Dewan Perwakilan Rakyat Republik Indonesia.	Yang kami hormati Pimpinan DEwan Perwakilan Rakyat REpublik IndonEsia.
10_105	Yang kami hormati Bapak dan Ibu Anggota Dewan Perwakilan Rakyat Republik Indonesia.	Yang kami hormati Bapak dan Ibu Anggota DEwan Perwakilan Rakyat REpublik IndonEsia.
10_106	Yang kami hormati Calon Anggota Komisi Yudisial.	Yang kami hormati Calon Anggota Komisi Yudisial.
10_107	Dan yang kami hormati Bapak dan Ibu, serta rekan-rekan wartawan yang berbahagia.	Dan yang kami hormati Bapak dan Ibu, serta rekan-rekan wartawan yang berbahagia.
10_108	Pertama-tama marilah kita memanjatkan puji dan syukur kehadirat Tuhan Yang Maha Esa. 	Pertama-tama marilah kita memanjatkan puji dan syukur kehadirat Tuhan Yang Maha Esa.
10_109	Karena atas rahmat dan perkenan-Nya maka kita dapat menghadiri Rapat Paripurna.	Karena atas rahmat dan perkenan-Nya maka kita dapat menghadiri Rapat Paripurna.
10_110	Dalam keadaan sehat wal'afiat dalam rangka menyampaikan laporan. 	Dalam keadaan sEhat wal-a-fi-yat dalam rangka menyampaikan laporan.
10_111	Selanjutnya untuk menyetujui atau tidak menyetujui sesuai peraturan perundang-undangan. 	Selanjutnya untuk menyetujui atau tidak menyetujui sesuai peraturan perundang-undangan.
10_112	Rapat Pleno Komisi tiga DPR RI yang bersifat terbuka dan terbuka untuk umum.	Rapat PlEno Komisi tiga DE-PE-ER ER-I yang bersifat terbuka dan terbuka untuk umum.
10_113	Bapak Ibu Pimpinan, para hadirin serta rekan-rekan Wartawan yang kami hormati.	Bapak Ibu Pimpinan, para hadirin serta rekan-rekan Wartawan yang kami hormati.
10_114	Pada hari ini Selasa tanggal dua puluh Oktober dua ribu lima belas tepatnya pukul sepuluh tiga puluh WIB.	Pada hari ini Selasa tanggal dua puluh Oktober dua ribu lima belas tepatnya pukul sepuluh tiga puluh WE-I-BE.
10_115	Komisi III DPR RI melakukan Rapat Pleno dalam pengambilan Keputusan terhadap Calon Komisi Yudisial. 	Komisi tiga DE-PE-ER ER-I melakukan Rapat PlEno dalam pengambilan Keputusan terhadap Calon Komisi Yudisial.
10_116	Pengambilan Keputusan ini dilakukan dengan cara musyawarah dan mufakat dengan meminta pandangan fraksi-fraksi di Komisi tiga DPR RI .	Pengambilan Keputusan ini dilakukan dengan cara musyawarah dan mufakat dengan meminta pandangan fraksi-fraksi di Komisi tiga DE-PE-ER ER-I .
10_117	Berdasarkan hasil musyawarah dan mufakat tersebut, Komisi III DPR RI telah memberikan persetujuannya. 	Berdasarkan hasil musyawarah dan mufakat tersebut, Komisi tiga DE-PE-ER ER-I telah memberikan persetujuannya. 
10_118	Demikian kami ucapkan terima kasih.	Demikian kami ucapkan terima kasih.
10_119	Usikum wanafsi bitaqwallahi.	Usikum wanafsi bi-taq-walla-hi.
10_120	Asholatu wasalamu ala mursalin.	Asholatu wasalamu ala mursalin.
10_121	Waala alihi wasohbihi ajmain. 	Wa-ala alihi wasohbihi ajmain.
10_122	Amiin.	Amiin.
10_123	Kami Badan Legislasi sudah membentuk Panja.	Kami Badan lEgislasi sudah membentuk Panja.
10_124	Dan sudah membahas Peraturan Bersama ini dengan seksama.	Dan sudah membahas Peraturan Bersama ini dengan seksama.
10_125	Dan drafnya sudah ada di dalam bapak-ibu semuanya. 	Dan drafnya sudah ada di dalam, bapak-ibu semuanya. 
10_126	Kalau disetujui kami tidak usah membacakan seluruh isinya.	Kalau disetujui kami tidak usah membacakan seluruh isinya.
10_127	Selanjutnya perkenankan kami menyerahkan Rancangan Peraturan Bersama DPR dan BPK.	Selanjutnya perkenankan kami menyerahkan Rancangan Peraturan Bersama DE-PE-ER dan BE-PE-KA.
10_128	Menyiapkan dan menyusun naskah akademik.	Menyiapkan dan menyusun naskah akademik.
10_129	Mengkoordinasikan seluruh penyusunan naskah akademik. 	Mengkoordinasikan seluruh penyusunan naskah akademik.
10_130	Mengambil alih penyusunan naskah akademik dan Rancangan Undang-undang. 	Mengambil alih penyusunan naskah akademik dan Rancangan Undang-undang.
10_131	Mengubah ketentuan Pasal enam puluh enam. 	Mengubah ketentuan Pasal enam puluh enam.
10_132	Menyesuaikan pasal atau huruf yang menjadi rujukannya.	Menyesuaikan pasal atau huruf yang menjadi rujukannya.
10_133	Demikianlah usulan-usulan perubahan diantaranya yang tadi sudah kami bacakan. 	Demikianlah usulan-usulan perubahan diantaranya yang tadi sudah kami bacakan.
10_134	Demikianlah laporan kami, terima kasih atas perhatiannya.	Demikianlah laporan kami, terima kasih atas perhatiannya.
10_135	Belum ketua, tidak.	Belum ketua, tidak.
10_136	Baik, dengan catatan yang ada di Pak Azis.	Baik, dengan catatan yang ada di Pak Azis.
10_137	Waktu kita absen sudah dibagi ketua.	Waktu kita absEn sudah dibagi ketua.
10_138	Dan jika itu persoalannya, ini bisa disusulkan ketua.	Dan jika itu persoalannya, ini bisa disusulkan ketua.
10_139	Tolong Ketua Rapat memegang tata tertib dan mekanisme dalam memimpin rapat.	Tolong Ketua Rapat memegang tata tertib dan mEkanisme dalam memimpin rapat.
10_140	Kalau tidak diganti saja.	Kalau tidak diganti saja.
10_141	Pak Ecky, mohon maaf Pak Ecky.	Pak Eki, mohon maaf Pak Eki.
10_142	Ada kesalahfahaman Pak Ecky.	Ada kesalahfahaman Pak Eki.
10_143	Ini keliru nih ya. 	Ini keliru nih ya.
10_144	Biar kita tidak bertele-tele, ini keliru.	Biar kita tidak bertElE-tElE, ini keliru.
10_145	Saya sama sekali bukan bikin panas Ketua.	Saya sama sekali bukan bikin panas Ketua.
10_146	Sebentar dulu, ini jangan jadi kemana-mana.	Sebentar dulu, ini jangan jadi kemana-mana.
10_147	Ini setuju di rubah atau tidak?	Ini setuju di rubah atau tidak?
10_148	Kita voting bahwa ada Anggota yang tidak setuju dengan usulan perubahan. 	Kita voting bahwa ada Anggota yang tidak setuju dengan usulan perubahan.
10_149	Memang semua belum baca Pak. 	MEmang semua belum baca Pak.
10_150	Wong saya juga belum baca.	Wong saya juga belum baca.
10_151	Sehingga tidak perlu di putar-putar, kita voting saja.	Sehingga tidak perlu di putar-putar, kita voting saja.
10_152	Baik, sesuai dengan mekanisme yang ada.	Baik, sesuai dengan mEkanisme yang ada.
10_153	Tentunya sebelum memasuki voting, kita memasuki lobby dulu. 	Tentunya sebelum memasuki voting, kita memasuki lobbi dulu. 
10_154	Izin ketua.	Izin ketua.
10_155	Kalau usul saya, tidak perlu di skors, kita langsung saja. 	Kalau usul saya, tidak perlu di skors, kita langsung saja. 
10_156	Kalau memang misalkan ada Anggota yang tidak setuju, kita hormati. 	Kalau mEmang misalkan ada Anggota yang tidak setuju, kita hormati. 
10_157	Jadi tidak perlu buang waktu. 	Jadi tidak perlu buang waktu. 
10_158	Kita libatkan semua yang hadir.	Kita libatkan semua yang hadir.
10_159	Toh kalaupun misalkan mengatas namakan fraksi juga dari sisi yang hadir tidak  terlalu banyak Ketua. 	Toh kalaupun misalkan mengatas namakan fraksi juga dari sisi yang hadir tidak  terlalu banyak Ketua. 
10_160	Jadi usul saya, langsung saja kita ambil keputusan. 	Jadi usul saya, langsung saja kita ambil keputusan. 
10_161	Yang tidak setuju silakan berdiri dan nanti yang setuju juga dimintai pendapatnya.	Yang tidak setuju silakan berdiri dan nanti yang setuju juga dimintai pendapatnya.
10_162	Usul saya begitu Ketua untuk menghemat waktu .	Usul saya begitu Ketua untuk menghEmat waktu.
10_163	Silakan yang lain ada usul lain?	Silakan yang lain ada usul lain?
10_164	Kalau tidak, ke depan sajalah. 	Kalau tidak, ke depan sajalah. 
10_165	Kita melakukan lobby di sini saja, tidak usah lama-lama. 	Kita melakukan lobbi di sini saja, tidak usah lama-lama. 
10_166	Silakan, sementara rapat kita skors sebentar saja.	Silakan, sementara rapat kita skors sebentar saja.
10_167	Baik, Bapak Ibu sekalian yang saya hormati, skors rapat dicabut.	Baik, Bapak Ibu sekalian yang saya hormati, skors rapat dicabut.
10_168	Setelah kita melaksanakan lobby dan kita memang tidak ada titik temu. 	Setelah kita melaksanakan lobbi dan kita mEmang tidak ada titik temu. 
10_169	Kita akan melaksanakan voting. 	Kita akan melaksanakan voting. 
10_170	Untuk itu kita persilakan Sekjen untuk mempersiapkan voting.	Untuk itu kita persilakan SEkjEn untuk mempersiapkan voting.
10_171	Oke dihitung terlebih dahulu.	OkE dihitung terlebih dahulu.
10_172	Hanya ingin mengomentari hasil apa yang kita hadapi hari ini tentang Baleg.	Hanya ingin mengomEntari hasil apa yang kita hadapi hari ini tentang BalEg.
10_173	Pimpinan yang kami hormati dan kami banggakan.	Pimpinan yang kami hormati dan kami banggakan.
10_174	Seluruh peserta Rapat Paripurna yang saya banggakan.	Seluruh peserta Rapat Paripurna yang saya banggakan.
10_175	Menyangkut draft perubahan Tata Tertib Dewan, itu adalah Draft Rancangan Undang-undang.	Menyangkut draf perubahan Tata Tertib DEwan, itu adalah Draf Rancangan Undang-undang.
10_176	Tatib ini sudah dibicarakan beberapa kali di Badan Legislasi.	Tatib ini sudah dibicarakan beberapa kali di Badan lEgislasi.
10_177	Ada Pak Sareh Mulyono dari Fraksi Partai Gerindra. 	Ada Pak SarEh Mulyono dari Fraksi Partai Gerindra. 
10_178	Ada Pak Firman Subagyo dari Fraksi Partai Golkar.	Ada Pak Firman Subagyo dari Fraksi Partai Golkar.
10_179	Ada Pak Toto Daryanto dari Fraksi Partai Amanat Nasional. 	Ada Pak Toto Daryanto dari Fraksi Partai Amanat Nasional. 
10_180	Marwah Badan Legislasi sebagai center of law tidak boleh di hilangkan. 	Marwah Badan lEgislasi sebagai sEnter of low tidak bolEh di hilangkan. 
10_181	Kepada siapakah kewenangan itu diberikan?	Kepada siapakah kewenangan itu diberikan?
10_182	Kepada semua alat kelengkapan dewan.	Kepada semua alat kelengkapan DEwan.
10_183	Tak terkecuali adalah kepada Badan legislasi. 	Tak terkecuali adalah kepada Badan lEgislasi. 
10_184	Setiap komisi tetap mempunyai kewenangan untuk menyusun naskah akademik dan Rancangan Undang-undang.	Setiap komisi tetap mempunyai kewenangan untuk menyusun naskah akademik dan Rancangan Undang-undang.
10_185	Mengapa DPR tidak mampu menyelesaikan Daftar Inventarisasi RUU. 	Mengapa DE-PE-ER tidak mampu menyelesaikan Daftar InvEntarisasi ER-U-U. 
10_186	Rancangan Undang-undang ada di setiap prolegnas tahunan. 	Rancangan Undang-undang ada di setiap prolEgnas tahunan. 
10_187	Karena ini menyangkut masalah yang subtansial, sebaiknya semua anggota dikasih tahu dulu masalahnya ini yang akan di rubah. 	Karena ini menyangkut masalah yang sub-tan-si-yal, sebaiknya semua anggota dikasih tahu dulu masalahnya ini yang akan di rubah. 
10_188	Jangan tiba-tiba lalu di sini di voting.	Jangan tiba-tiba lalu di sini di voting.
10_189	Boleh jadi hak-hak Anggota Dewan secara konstitusional bisa hilang diambil alih oleh lembaga yang tadi itu. 	BolEh jadi hak-hak Anggota DEwan secara kons-ti-tu-si-yo-nal bisa hilang diambil alih olEh lembaga yang tadi itu. 
10_190	Oleh karena itu saya usulkan supaya ditunda saja dulu ini. 	OlEh karena itu saya usulkan supaya ditunda saja dulu ini. 
10_191	Kepada Anggota supaya dikasih tahu secara jelas apa arah dari perubahan ini.	Kepada Anggota supaya dikasih tahu secara jelas apa arah dari perubahan ini.
10_192	Jangan sampai kita voting , tidak tahu apa yang mau di voting.	Jangan sampai kita voting , tidak tahu apa yang mau di voting.
10_193	Demikian pendapat saya pimpinan.	Demikian pendapat saya pimpinan.
10_194	Izin berpendapat sebentar Bapak Ibu sekalian.	Izin berpendapat sebentar Bapak Ibu sekalian.
10_195	Karena ini sebentar lagi Maghrib dan mungkin juga ada yang belum Sholat Ashar.	Karena ini sebentar lagi Maghrib dan mungkin juga ada yang belum Sholat Ashar.
10_196	Ya sebentar, Interupsi dulu , silakan yang interupsi.	Ya sebentar, Interupsi dulu , silakan yang interupsi.
10_197	Apa artinya kita ribut-ribut? 	Apa artinya kita ribut-ribut? 
10_198	Toh ada tiga puluh tiga kementerian dibagi habis juga kita punya pekerjaan banyak.	Toh ada tiga puluh tiga kementerian dibagi habis juga kita punya pekerjaan banyak.
10_199	Baik-baik. 	Baik-baik. 
10_200	Sebentar-sebentar. 	Sebentar-sebentar. 
10_201	Sebelum lebih jauh.	Sebelum lebih jauh.
10_202	Setuju.	Setuju.
10_203	Ini bukan masalah lobby atau tidak lobby.	Ini bukan masalah lobbi atau tidak lobbi.
10_204	Tapi soal bagaimana dengan Pemerintah.	Tapi soal bagaimana dengan Pemerintah.
10_205	Bagusnya itu saja, lobby saya yakin juga nggak ketemu .	Bagusnya itu saja, lobbi saya yakin juga engga ketemu .
10_206	Apanya yang mau dilobby?	Apanya yang mau dilobbi?
10_207	Ini, payah ini!	Ini, payah ini!
10_208	Bisa interupsi sebentar saja, untuk memecahkan masalah ini?	Bisa interupsi sebentar saja, untuk memecahkan masalah ini?
10_209	Pimpinan, ini nggak jelas Pimpinan.	Pimpinan, ini engga jelas Pimpinan.
10_210	Saya ingin mengusulkan Pimpinan. 	Saya ingin mengusulkan Pimpinan. 
10_211	Kita ikuti patokan suka-suka pimpinan.	Kita ikuti patokan suka-suka pimpinan.
10_212	Ini kan masih ada ketidaksamaan, kita bicarakan.	Ini kan masih ada ketidaksamaan, kita bicarakan.
10_213	Yang mana?	Yang mana?
10_214	Pimpinan harus bisa memutuskan rasionalitas dari masing-masing komisi.	Pimpinan harus bisa memutuskan rasionalitas dari masing-masing komisi.
10_215	Kita harus yakini bahwa tidak mungkin satu komisi hanya satu mitra. 	Kita harus yakini bahwa tidak mungkin satu komisi hanya satu mitra. 
10_216	Baik bapak ibu sekalian yang saya hormati, dengan demikian selesailah rapat Paripurna hari ini. 	Baik bapak ibu sekalian yang saya hormati, dengan demikian selesailah rapat Paripurna hari ini. 
10_217	Selaku pimpinan rapat saya mengucapkan terima kasih kepada yang terhormat para anggota dewan dan hadirin sekalian.	Selaku pimpinan rapat saya mengucapkan terima kasih kepada yang terhormat para anggota DEwan dan hadirin sekalian.
10_218	Atas ketekunan dan kesabaran dalam mengikuti rapat paripurna hari ini. 	Atas ketekunan dan kesabaran dalam mengikuti rapat paripurna hari ini. 
10_219	Dengan seijin dewan perkenan  rapat kami tutup.	Dengan seijin DEwan perkenan  rapat kami tutup.
10_220	Dengan mengucapkan waflahumuafiq ila afwamithariq.	Dengan mengucapkan wal-la-hu-mu-wa-fiq ila af-wa-mi-tho-riq.
10_221	Wasalamu'alaikum warahmatullahi wabarakatuh.	Was-sa-la-mu-a-lai-kum Wa-roh-ma-tull-lo-hi Wa-ba-ro-ka-tuh.
10_222	Mohon perhatian, Rekan-rekan sekalian. 	Mohon perhatian, Rekan-rekan sekalian. 
10_223	Mohon duduk, karena Paripurna belum kita tutup.	Mohon duduk, karena Paripurna belum kita tutup.
10_224	Kami persilakan Pak Akbar Faisal untuk melanjutkan. 	Kami persilakan Pak Akbar Faisal untuk melanjutkan. 
10_225	Rapat kita tutup dan kita ucapkan Alhamdulillaahirabbil'alamiin.	Rapat kita tutup dan kita ucapkan Alhamdulillaahirobbilalamiin.
10_226	Hadirin dan hadirat yang sangat kami hormati.	Hadirin dan hadirat yang sangat kami hormati.
10_227	Mari kita sejenak menundukkan kepala bersama-sama.	Mari kita sejenak menundukkan kepala bersama-sama.
10_228	Untuk mengenang para pahlawan kita yang sudah mendahului kita.	Untuk mengenang para pahlawan kita yang sudah mendahului kita.
10_229	Dan semoga kita diberi kekuatan untuk melanjutkan perjuangan mereka.	Dan semoga kita diberi kekuatan untuk melanjutkan perjuangan mereka.
10_230	Di dalam mempertahankan Pancasila, UndangUndang Dasar Negara Republik Indonesia.	Di dalam mempertahankan Pancasila, UndangUndang Dasar Negara REpublik IndonEsia.
10_231	Untuk kemajuan bangsa kita.	Untuk kemajuan bangsa kita.
10_232	Mengheningkan cipta mulai.	Mengheningkan cipta mulai.
10_233	Presiden Republik Indonesia menimbang dan seterusnya, mengingat dan seterusnya, memutuskan, menetapkan.	PrEsiden REpublik IndonEsia menimbang dan seterusnya, mengingat dan seterusnya, memutuskan, menetapkan.
10_234	Hamdan syakirin.	Hamdan sya-ki-rin.
10_235	Hamdan na'imin.	Hamdan na-i-min.
10_236	Hamdan yuafini' yaumazidah.	Hamdan yuafini yaumazidah.
10_237	Ya robbana lakal hamdu.	Ya rob-ba-na la-kal ham-du.
10_238	Kama yambagi lilzalali.	Kama yam-ba-gi lil-za-la-li.
10_239	Wajhikal karim.	Waj-hi-kal ka-rim.
10_240	Yaazim sulthonik.	Ya-azim sul-to-nik.
10_241	Allahuma sholi wasalim alaihi.	Allo-hu-ma so-li wa-sa-lim a-lai-hi.
10_242	Ya Allah Ya Syukur.	Ya Allah Ya Sukur.
10_243	Dalam suasana penuh hikmat ini kami memanjatkan rasa syukur sedalam-dalamnya.	Dalam suasana penuh hikmat ini kami memanjatkan rasa syukur sedalam-dalamnya.
10_244	Ya Allah Ya Rahman Ya Rahim.	Ya Allah Ya Rohman Ya Rahim.
10_245	Anugerahkanlah kearifan, kecerdasan dan kepekaan yang lebih kepada para hambamu yang baru saja dilantik. 	Anugerahkanlah kearifan, kecerdasan dan kepekaan yang lebih kepada para hambamu yang baru saja dilantik.
10_246	Dihadapan mereka terbentang sejumlah tantangan. 	Dihadapan mereka terbentang sejumlah tantangan.
10_247	Ya Allah Ya Qowi Ya Mathin.	Ya Allah Ya Qowi Ya Matin.
10_248	Engkau maha mengetahui kekhususan dan kelemahan kami sebagai manusia biasa. 	Engkau maha mengetahui kekhususan dan kelemahan kami sebagai manusia biasa.
10_249	Engkau juga maha mengetahui rahasia-rahasia kami. 	Engkau juga maha mengetahui rahasia-rahasia kami.
10_250	Ampunilah seluruh dosa-dosa kami. 	Ampunilah seluruh dosa-dosa kami.
10_251	Tutupilah seluruh aib-aib kami. 	Tutupilah seluruh aib-aib kami.
10_252	Putihkanlah seluruh kegelapan masa lampau kami dengan kasih sayang-Mu. 	Putihkanlah seluruh kegelapan masa lampau kami dengan kasih sayang-Mu.
10_253	Pada akhirnya kami semua menyerahkan diri ini kepada-Mu sepenuhnya.	Pada akhirnya kami semua menyerahkan diri ini kepada-Mu sepenuhnya.
10_254	Tuntunlah, bimbinglah, dan bantulah kami.	Tuntunlah, bimbinglah, dan bantulah kami.
10_255	Amin ya robbal alamin.	Amin ya rob-bal a-la-min.
10_256	Robbana atina fidunya hasanah.	Rob-ba-na a-ti-na fid-dun-ya hasanah.
10_257	Wafil ahiroti hasanah.	Wa-fil a-khi-ro-ti hasanah.
10_258	wakina azabanar.	wa-qina a-za-ba-nar.
10_259	Walhamdulillahirobil'alamin.	Wal-ham-du-lil-la-hi-rob-bil-a-lamin.
10_260	Dan Ipnu menemukan benda eksplosif di ujung jalan itu.	Dan Ipnu menemukan benda Eksplosif di ujung jalan itu.
10_261	Di Jurangmangu iya di Poso juga iya.	Di Jurangmangu iya, di Poso juga iya.
10_262	Di ring empat, Mike Tyson tampil menggila.	Di ring empat, Maik Taisen tampil menggila.
10_263	Kalau eceran dan kalau resmi harganya gak akan semahal itu.	Kalau EcEran dan kalau resmi harganya gak akan semahal itu.
10_264	Kalau cek oke berarti enggak masalah.	Kalau cEk okE berarti enggak masalah.
10_265	Undang-undang nomor kosong satu kosong kosong titik.	Undang-undang nomor kosong satu kosong kosong titik.
10_266	Kebijakan ekonomi Sri Mulyani dinilai terlalu pragmatis.	Kebijakan Ekonomi Sri Mulyani dinilai terlalu pragmatis.
10_267	Dubes Prancis geram dengan pengeboman rabu lalu.	Dubes Prancis geram dengan pengeboman rabu lalu.
10_268	Mulan pun akhirnya curhat ke tabloid Citra.	Mulan pun akhirnya curhat ke tabloid Citra.
10_269	Dia belajar gerakan itu dari pebulu tangkis Denmark.	Dia belajar gerakan itu dari pebulu tangkis DEnmark.
10_270	Harga yang ditawarkan didasarkan gengsi pengembang di sini.	Harga yang ditawarkan didasarkan gEngsi pengembang di sini.
10_271	Goyang Mang kata pedangdut berbaju seronok itu.	Goyang Mang kata pedangdut berbaju seronok itu.
10_272	Pagi-pagi dia mengajak hewan peliharaannya ke alam segar.	Pagi-pagi dia mengajak hEwan peliharaannya ke alam segar.
10_273	Ari Firdaus atau lebih dikenal sebagai Afi.	Ari Firdaus atau lebih dikenal sebagai Afi.
10_274	Orangtua sering melakukan kekerasan verbal atau verbalisme.	Orangtua sering melakukan kekerasan vErbal atau vErbalisme.
10_275	Untuk bisa keluar masuk penjara, Gayus Tambunan disinyalir memberi sangu untuk sipir.	Untuk bisa keluar masuk penjara, Gayus Tambunan disinyalir memberi sangu untuk sipir.
10_276	Wajah Radio Cakrawala di mata para fannys sudah berubah.	Wajah Radio Cakrawala di mata para fanis sudah berubah.
10_277	Dia tersesat ke kloter lain.	Dia tersesat ke kloter lain.
10_278	Tiga tahun  lamanya dia bekerja sebagai pelayan atau pegawai restoran.	Tiga tahun  lamanya dia bekerja sebagai pelayan atau pegawai rEstoran.
10_279	Sepuluh truk digunakan untuk mengangkut makanan dan ponco.	Sepuluh truk digunakan untuk mengangkut makanan dan ponco.
10_280	Burma melakukan re-ekspor rokok dari Indonesia.	Burma melakukan rE-Ekspor rokok dari IndonEsia.
10_281	Vegetasi dilakukan di Tanah Gocap di Ifar Gunung.	VEgEtasi dilakukan di Tanah Gocap di Ifar Gunung.
10_282	Ritme belajarnya semakin lambat akibat gangguan mata yang dialaminya.	Ritme belajarnya semakin lambat akibat gangguan mata yang dialaminya.
10_283	Pos Indonesia menyetel wesel sebagai produk unggulannya.	Pos IndonEsia menyetEl wEsel sebagai produk unggulannya.
10_284	Bunyu menarik revolver tanpa melihat ke arah lawannya.	Bunyu menarik rEvolver tanpa melihat ke arah lawannya.
10_285	Veron merupakan arsitek yang merancang gedung WTO di berbagai belahan dunia.	VEron merupakan arsitEk yang merancang gedung WE-TE-O di berbagai belahan dunia.
10_286	Konflik vertikal yang dilakukan kelompok bersenjata dapat diselesaikan dengan cara persuasif.	Konflik vErtikal yang dilakukan kelompok bersenjata dapat diselesaikan dengan cara pErsuasif.
10_287	Faktor sosiologis politik tentu berbeda antara satu wilayah dengan wilayah lain.	Faktor sosiologis politik tentu berbeda antara satu wilayah dengan wilayah lain.
10_288	Fahmi Idris resmi diberhentikan dari jabatan Direktur Utama BPJS Kesehatan.	Fahmi Idris resmi diberhentikan dari jabatan DirEktur Utama BE-PE-JE-ES KesEhatan.
10_289	Ahok latihan nyanyi Hujan Gerimis Aje.	Ahok latihan nyanyi Hujan Gerimis aje.
10_290	Emil Elestianto Dardak mengaku tidak memanfaatkan popularitas Arumi Bachsin untuk mendulang suara.	Emil E-les-ti-yan-to Dardak mengaku tidak memanfaatkan popularitas Arumi Bakh-sin untuk mendulang suara.
10_291	Emil disebut sebagai calon yang paling disukai oleh warga Jakarta dibandingkan Basuki Tjahaja Purnama.	Emil disebut sebagai calon yang paling disukai olEh warga Jakarta dibandingkan Basuki Cahaya Purnama.
10_292	Yoyok menggandeng Ombudsman RI untuk mengajarinya cara memberikan pelayanan publik yang baik.	Yoyok menggandEng Ombudsman ER-I untuk mengajarinya cara memberikan pelayanan publik yang baik.
10_293	Jajaran Polresta Tangerang menggelar rezia besar-besaran di Kabupaten Tangerang. 	Jajaran polrEsta Tanggerang menggelar rezia besar-besaran di KabupatEn Tangerang.
10_294	Kegagalan riset jangan dipandang sebagai kerugian negara.	Kegagalan risEt jangan dipandang sebagai kerugian negara.
10_295	Komisi sepuluh diminta perjuangkan pengangkatan guru honorer.	Komisi sepuluh diminta perjuangkan pengangkatan guru honorEr.
10_296	UGM dan ITB membutuhkan SDM yang penuhi rasio ideal universitas kelas dunia.	U-GE-EM dan I-TE-BE membutuhkan ES-DE-EM yang penuhi rasio idEal universitas kelas dunia.
10_297	Australia melihat ISIS mengincar Indonesia sebagai sebuah khalifah jauh.	Australia melihat ISIS mengincar IndonEsia sebagai sebuah khalifah jauh.
10_298	Wali Kota Bandung Ridwan Kamil memaknai pergantian tahun sebagai momentum introspeksi diri.	Wali Kota Bandung Ridwan Kamil memaknai pergantian tahun sebagai momEntum introspEksi diri.
10_299	Ahok mencurigai adanya permainan yang dilakukan operator Bus Kopaja.	Ahok mencurigai adanya permainan yang dilakukan operator Bus Kopaja.
10_300	Magelang tetapkan KLB DBD di Desa Banyuwangi.	Magelang tetapkan KA-EL-BE DE-BE-DE di DEsa Banyuwangi.
