9_001	Termasuk terhadap penyelewengan-penyelewengan yang terjadi di lingkungan Pemda DKI.	Termasuk terhadap penyelEwEngan-penyelEwEngan yang terjadi di lingkungan PEmda DE-KA-I.
9_002	Ternyata kendaraan itu disewa oleh beberapa orang.	Ternyata kendaraan itu disEwa olEh beberapa orang.
9_003	Terorisme khususnya merusak tertib sosial tegas Drajad Hadiwijoyo.	TErorisme khususnya merusak tertib sosial, tegas Drajad Hadiwijoyo.
9_004	Terus kelihatan ada asap ngepul dari sayap.	Terus kelihatan ada asap ngepul dari sayap.
9_005	Terus untuk pembayarannya sendiri kapan?	Terus untuk pembayarannya sendiri kapan?
9_006	Terutama daging sapi yang relatif empuk dibanding daging kerbau.	Terutama daging sapi yang rElatif empuk dibanding daging kerbau.
9_007	Terutama untuk sub produk tetap harus melalui UUD.	Terutama untuk sub produk tetap harus melalui U-U-DE.
9_008	Tetangga Enjam tampak tak gentar menghadapi lebatnya hujan dan petir.	Tetangga enjam tampak tak gentar menghadapi lebatnya hujan dan petir.
9_009	Tetapi bagi Modern Grup, Fadel tetap dinyatakan pailit.	Tetapi bagi ModEren Grup, FadEl tetap dinyatakan pailit.
9_010	Tetapi ia tidak memberikan detail lebih jauh, cuma ngomong-ngomong biasa.	Tetapi ia tidak memberikan de-ta-il lebih jauh, cuma ngomong-ngomong biasa.
9_011	Tetapi kalau implementasi pada tingkat paling rendah seperti ini.	Tetapi kalau implemEntasi pada tingkat paling rendah seperti ini.
9_012	Tetapi Ketua Fraksi PKB Taufikurrahman Saleh usai rapat Bamus mengatakan ya ya ya saja.	Tetapi Ketua Fraksi PE-KA-BE, Taufikurrahman SalEh usai rapat Bamus mengatakan ya ya ya saja.
9_013	Tetapi makanan yang kita konsumsi pakai nasi tidak cukup gizinya.	Tetapi makanan yang kita konsumsi pakai nasi tidak cukup gizinya.
9_014	Tetapi nggak bener, karena ini urusan ukhrowi.	Tetapi engga bener, karena ini urusan ukh-ro-wi.
9_015	Tetapi Nyepi bagi Theo Waimuri adalah juga sebuah gerakan.	Tetapi nyepi bagi ThEo Waimuri adalah juga sebuah gerakan.
9_016	Tetapi partai juga keberatan apabila amandemen terlampau jauh merombak tata kenegaraan Indonesia.	Tetapi partai juga keberatan apabila amandemEn terlampau jauh merombak tata kenegaraan IndonEsia.
9_017	Tetapi prakarsa itu kadang diartikan sebagai egoisme sempit.	Tetapi prakarsa itu kadang diartikan sebagai Egoisme sempit.
9_018	Theo Sambuaga terhuyung-huyung ke luar, dan berkata tidak apa eksekutif kotor!	ThEo Sambuaga terhuyung-huyung ke luar, dan berkata tidak apa Eksekutif kotor!
9_019	Theo Syafei tidak lapor ke orangtuanya	ThEo Sya-fE-i tidak lapor ke orangtuanya
9_020	Theo Tumion mengikuti rekrutmen calon hakim.	ThEo Tumion mengikuti rEkrutmen calon hakim.
9_021	Tiadanya David Beckham dan Roy ketika meminum Vodka Jumbo usai syukuran kemenangan.	Tiadanya David BEkham dan Roy ketika meminum Vodka Jumbo usai syukuran kemenangan.
9_022	Tiang pemancar terlihat patah dan menyender ke gedung di sebelahnya.	Tiang pemancar terlihat patah dan menyEndEr ke gedung di sebelahnya.
9_023	Tiap akhir pekan Ancol tetap ramai pengunjung.	Tiap akhir pekan Ancol tetap ramai pengunjung.
9_024	Tiba-tiba Mathias nyelonong ke depan mikrofon di atas panggung.	Tiba-tiba Ma-thi-yas nyelonong ke depan mikrofon di atas panggung.
9_025	Tidak ada itu, tidak ada perbedaan makanan antar blok.	Tidak ada itu, tidak ada perbedaan makanan antar blok.
9_026	Tidak ada maksud khusus, sergah Akbar.	Tidak ada maksud khusus, sergah Akbar.
9_027	Uh kenapa tidak ada ojek motor dari dan ke desa ini.	Uh kenapa tidak ada ojEk motor dari dan ke dEsa ini.
9_028	Tidak akan selesai-selesai gejolak di Aceh.	Tidak akan selesai-selesai gejolak di AcEh.
9_029	Tidak benar informasi yang membuat kacau macam itu, jelas Syofian.	Tidak benar informasi yang membuat kacau macam itu, jelas Syo-fi-yan.
9_030	Tidak boleh ada pengabaian hukum undang-undang khusus korupsi.	Tidak bolEh ada pengabaian hukum undang-undang khusus korupsi.
9_031	Tidak boleh ngebut-ngebutan di jalan dan seterusnya.	Tidak bolEh ngebut-ngebutan di jalan dan seterusnya.
9_032	Tidak boleh pakai kerudung tapi pakai lipstik, papar Tengku Syaiful Ahmad yang berasal dari Aceh.	Tidak bolEh pakai kerudung tapi pakai lipstik, papar Tengku Syaiful Ahmad yang berasal dari AcEh.
9_033	Tidak hirau lagi dengan hak mereka yang paling mendasar.	Tidak hirau lagi dengan hak mereka yang paling mendasar.
9_034	Tidak lucu Gubernur bank sentral ditahan terus seperti sekarang.	Tidak lucu Gubernur bank SEntral ditahan terus seperti sekarang.
9_035	Tidak mirip warung nasi sunda, jawab Noval.	Tidak mirip warung nasi sunda, jawab Noval.
9_036	Tidak perlu disiapkan Rantap Khusus untuk keperluan itu.	Tidak perlu disiapkan Rantap Khusus untuk keperluan itu.
9_037	Tidak saja Ciamis tapi Ujungpangkah Gresik maupun Wonosobo yang akan rugi.	Tidak saja Ciamis tapi Ujungpangkah Gresik maupun Wonosobo yang akan rugi.
9_038	Situasinya tidak seperti di Somalia atau Irak.	Situasinya tidak seperti di Somalia atau Irak.
9_039	Tidak terus merecoki perjalanannya sebagai Bupati Sampang.	Tidak terus merEcoki perjalanannya sebagai Bupati Sampang.
9_040	Tidak usah pakai skenario, timpal Sri Rossyati.	Tidak usah pakai skEnario, timpal Sri Ros-si-yati.
9_041	Tiga dua tiga tiga tiga empat tiga lima tiga enam tiga tujuh tiga delapan tiga sembilan.	Tiga dua tiga tiga tiga empat tiga lima tiga enam tiga tujuh tiga delapan tiga sembilan.
9_042	Tiga kali Wayn dan kapten tim melakukan protes.	Tiga kali WE-yin dan kaptEn tim melakukan protEs.
9_043	Tiga pas walaupun memang condong ke optimis, ujar dia.	Tiga pas walaupun MEmang condong ke optimis, ujar dia.
9_044	Kalau tiga ribu dua tidak terlampau besar angkanya.	Kalau tiga ribu dua tidak terlampau besar angkanya.
9_045	Tim Azzurri tidak perlu khawatir terhadap Tim Ferrari.	Tim Azzurri tidak perlu khawatir terhadap Tim FErrari.
9_046	Tim Ginseng melawan Tim Labfor lebih baik dengan selisih gol tiga nol.	Tim GinsEng melawan Tim Labfor lebih baik dengan selisih gol tiga nol.
9_047	Tim itu akan menyurvei fasilitas dan persyaratan logistik di daerah.	Tim itu akan menyurvEi fasilitas dan persyaratan logistik di daErah.
9_048	Timnya akan menerapkan strategi khusus, timpal Brenda.	Timnya akan menerapkan stratEgi khusus, timpal BrEnda.
9_049	Timor LorosaE isyaratkan tak akan serahkan asEt.	Timor LorosaE isyaratkan tak akan serahkan asEt.
9_050	Tindakan ini dinilai Zulfikar sebagai tindakan sewenang-wenang.	Tindakan ini dinilai Zulfikar sebagai tindakan sewenang-wenang.
9_051	Tindakan Presiden untuk mengingatkan pers cetak melalui pengadilan.	Tindakan prEsidEn untuk mengingatkan PErs cetak melalui pengadilan.
9_052	Tindakan-tindakan tersebut, ungkap Darwis, sama seperti gaya kelompok zionis.	Tindakan-tindakan tersebut, ungkap Darwis, sama seperti gaya kelompok zionis.
9_053	Tinggal menunggu opini hukum dari pemerintah Indonesia.	Tinggal menunggu opini hukum dari pemerintah IndonEsia.
9_054	Tinggal menunggu upacara penguburan pukul tujuh tepat.	Tinggal menunggu upacara penguburan pukul tujuh tepat.
9_055	Titik supportnya tujuh lima enam empat sembilan lima belas.	Titik supportnya tujuh lima enam empat sembilan lima belas.
9_056	TNI Klaim dua GAM Tewas ditembak.	TE-EN-I Klaim dua GAM tEwas ditEmbak.
9_057	Toh, sampai saat ini, aparat belum mampu unjuk gigi.	Toh, sampai saat ini, aparat belum mampu unjuk gigi.
9_058	Toha Amin tolong transfer aset pukul tujuh malam ya.	Toha Amin tolong transfer asEt pukul tujuh malam ya.
9_059	Tolong tim Jihandak Brimob Polda Sulsel, Mbah.	Tolong tim Jihandak Brimob Polda Sulsel, Mbah.
9_060	Tommy selalu terlihat berkonsultasi ke Elza, sebelum menjawab pertanyaan penyidik.	Tommy selalu terlihat berkonsultasi ke Elza, sebelum menjawab pertanyaan penyidik.
9_061	Total nilai uang palsu menjadi tinjauan kami.	Total nilai uang palsu menjadi tinjauan kami.
9_062	TPA Benowo baru siap pada bulan Desember.	TE-PE-A Benowo baru siap pada bulan DEsEmber.
9_063	Tri Rachmaningsih Agus Wirahadikusuma tokoh GAM.	Tri Rachmaningsih Agus Wirahadikusuma tokoh GAM.
9_064	Tri Rachmaningsih lahir di tanggal tujuh belas bulan Dzulhijjah.	Tri Rachmaningsih lahir di tanggal tujuh belas bulan Dzulhijjah.
9_065	Tsunami hingga Senin kemarin belum muncul ujar Didik Rachbini.	Sunami hingga Senin kemarin belum muncul ujar Didik Rah-bi-ni.
9_066	Tudingan itu keruan membuat AD Yugoslavia menyangkal.	Tudingan itu keruan membuat A-DE Yugoslavia menyangkal.
9_067	Tuduhan kaum fundamentalis sebagai teroris sangat ngawur.	Tuduhan kaum fundamEntalis sebagai tEroris sangat ngawur.
9_068	Tujuh enam tujuh tujuh tujuh delapan tujuh sembilan.	Tujuh enam tujuh tujuh tujuh delapan tujuh sembilan.
9_069	Tujuh kosong tujuh satu tujuh dua tujuh tiga tujuh empat tujuh lima.	Tujuh kosong tujuh satu tujuh dua tujuh tiga tujuh empat tujuh lima.
9_070	Tujuh puluh enam orang bergabung sebagai peserta termasuk Bapak Tiyasno.	Tujuh puluh enam orang bergabung sebagai peserta termasuk Bapak Tiyasno.
9_071	Tujuh ribu enam untuk september urai Fahmi.	Tujuh ribu enam untuk sEptEmber, urai Fahmi.
9_072	Tukang parkir tergeletak di depan toko emas itu sejak pukul tujuh pagi.	Tukang parkir tergeletak di depan toko emas itu sejak pukul tujuh pagi.
9_073	Tukas Presiden sambil berlalu dengan mobil golf yang sudah menunggunya.	Tukas prEsidEn sambil berlalu dengan mobil golf yang sudah menunggunya.
9_074	Tunai sudah beban moral yang melekat pada PBNU.	Tunai sudah beban moral yang melekat pada PE-BE-EN-U.
9_075	Saatnya tutup buku dua ribu lima ucap Slamet.	Saatnya tutup buku dua ribu lima ucap Slamet.
9_076	Tutup hanya jendela utama saja dan telpon satpam ucap Feisal.	Tutup hanya jendEla utama saja dan telpon satpam ucap FEisal.
9_077	Tutup hanya pintu utama saja lalu telpon hansip.	Tutup hanya pintu utama saja lalu telpon hansip.
9_078	Tutup jendela lalu segeralah telpon kantor polisi.	Tutup jendEla lalu segeralah telpon kantor polisi.
9_079	Joggingnya cukup enam puluh menit saja.	Joggingnya cukup enam puluh menit saja.
9_080	Aku sudah memanggil gojek sejak jam lima pagi.	Aku sudah memanggil gojEk sejak jam lima pagi.
9_081	Filmnya berlangsung  selama sembilan puluh menit.	Filemnya berlangsung  selama sembilan puluh menit.
9_082	Huuu penonton kecewa!	Huuu penonton kecEwa!
9_083	Kaesang membuka cafe di bilangan Thamrin.	KaEsang membuka kafE di bilangan Thamrin.
9_084	Percakapan antara kelima tokoh yang oleh Tan Malaka dijuluki para pendakwa modern.	Percakapan antara kelima tokoh yang oleh Tan Malaka dijuluki para pendakwa modErn.
9_085	Tokoh penting dalam rekaman ini antara lain Menko Polhukam Luhut Panjaitan.	Tokoh penting dalam rekaman ini antara lain MEnko Polhukam Luhut Panjaitan.
9_086	Jokowi menahan diri untuk tidak meluapkan amarahnya lantaran ditemani Teten Masduki dan Mensesneg Pratikno.	Jokowi menahan diri untuk tidak meluapkan amarahnya lantaran ditemani TEtEn Masduki dan MEnsEsnEg Pratikno.
9_087	Kalau loe lelet, gua duluan ya.	Kalau lu lElEt, gua duluan ya.
9_088	Loe mau ngikut pesawat gua gak.	Lu mau ngikut pesawat gua ga.
9_089	Kagak usah bayar alias gratis ujarnya sambil terkekeh-kekeh.	Kaga usah bayar alias gratis ujarnya sambil terkEkEh-kEkEh.
9_090	Tutupnya Selasa siang jam berapa? ucap Cece Hidayat Padmadinata.	Tutupnya Selasa siang jam berapa? ucap CEcE Hidayat Padmadinata.
9_091	Tutur Howard yang juga Ketua Partai Liberal Australia kepada Jonny.	Tutur Howard yang juga Ketua Partai Liberal Australia kepada Jon-ni.
9_092	Tutur lulusan STM Fransiskus jurusan Teknik Listrik itu.	Tutur lulusan ES-TE-EM Fransiskus jurusan TEknik Listrik itu.
9_093	Tyasno Sudarto dan Tony Adams adalah warga Sungai Tiram.	Ti-yas-no Sudarto dan Toni Adams adalah warga Sungai Tiram.
9_094	Uang tunai yang diduga palsu tersebut disita sebagai barang bukti.	Uang tunai yang diduga palsu tersebut disita sebagai barang bukti.
9_095	Uang yang dipakai Bob Hasan, ugiek membantah, nggak.	Uang yang dipakai Bob Hasan, ugik membantah, engga.
9_096	Ubah lagi formatnya tujuh kali top volume, ujar Ayip.	Ubah lagi formatnya tujuh kali top volume, ujar Ayip.
9_097	Ucapnya sambil menyebutkan contoh-contoh serupa yang terjadi di negara-negara lain.	Ucapnya sambil menyebutkan contoh-contoh serupa yang terjadi di negara-negara lain.
9_098	Udah ya aku menang tujuh nol ucap Albert bertanya pada Zaini.	Udah ya aku menang tujuh nol, ucap Albert bertanya pada Zaini.
9_099	Ujar sumber tersebut yang mengklaim pelakunya adalah anggota GAM. 	Ujar sumber tersebut yang mengklaim pelakunya adalah anggota GAM. 
9_100	Ujar Wayn menanggapi keberhasilannya menyamakan kedudukan.	Ujar WE-yin menanggapi keberhasilannya menyamakan kedudukan.
9_101	Ujarnya seraya menunjukkan biji-biji kakao yang kering dan berkeriput.	Ujarnya seraya menunjukkan biji-biji kakao yang kering dan berkeriput.
9_102	Ukhman mengidap penyakit penyempitan pembuluh darah.	Ukhman mengidap penyakit penyempitan pembuluh darah.
9_103	Umat Islam Maluku boikot pers lokal ujar Rumsfeld kepada wartawan.	Umat Islam Maluku boy-kot pErs Lokal ujar Rums-feld kepada wartawan.
9_104	Umumnya clurit digunakan ungkap Azwar.	Umumnya clurit digunakan ungkap Azwar.
9_105	Umumnya mereka adalah warga keturunan Tionghoa atau orang suruhan.	Umumnya mereka adalah warga keturunan Tionghoa atau orang suruhan.
9_106	Unjuk rasa tidak dibahas khusus di dalam sidang ungkapnya saat itu.	Unjuk rasa tidak dibahas khusus di dalam sidang ungkapnya saat itu.
9_107	Untuk acara tutup buku perusahaan kami, biaya kampanye atau lain-lainnya.	Untuk acara tutup buku perusahaan kami, biaya kampanye atau lain-lainnya.
9_108	Untuk bulan ini berapa kuotanya? ucap Cholil Bisri.	Untuk bulan ini berapa kuotanya? ucap Holil Bisri.
9_109	Untuk detail rincian titik api beserta lokasinya masih dianalisa.	Untuk de-ta-il rincian titik api beserta lokasinya masih dianalisa.
9_110	Untuk Januari, Februari, Maret, Mei, Juni dan Juli berapa?	Untuk Januari, FEbruari, Maret, mEi, Juni dan Juli berapa?
9_111	Untuk jumlah tepat besar klaim yang dibayarkan.	Untuk jumlah tepat besar klaim yang dibayarkan.
9_112	Untuk mencapai blok kolektif urai Widodo.	Untuk mencapai blok kolEktif urai Widodo.
9_113	Untuk mencegah terjadinya keambrukan sistem finansial global.	Untuk mencegah terjadinya keambrukan sistem finansial global.
9_114	Untuk menepis klaim Estrada kalau pepatah tak pandai berdansa.	Untuk menepis klaim Estrada kalau pepatah tak pandai berdansa.
9_115	Untuk mengawal Fuad jika bepergian ke Pulau Flores, Pulau Kelor dan Pulau Ubi.	Untuk mengawal Fuad jika bepergian ke Pulau FlorEs, Pulau Kelor dan Pulau Ubi.
9_116	Untuk mewujudkan ambisinya, Pemprov DIY habis-habisan mengorek dana cadangannya.	Untuk mewujudkan ambisinya, PEmprov DE-I-YE habis-habisan mengorEk dana cadangannya.
9_117	Untuk Oktober, November, dan Desember berapa?	Untuk Oktober, NovEmber, dan DEsEmber berapa?
9_118	Untuk Pebruari berapa kejadian parkir liar?	Untuk PEbruari berapa kejadian parkir liar?
9_119	Untuk pertemuan RAT urai Kesowo kepada Puteh.	Untuk pertemuan ER-A-TE urai Kesowo kepada Pute-Eh.
9_120	Untuk proyek Batu Hijau ini urai Mahfud.	Untuk proyEk Batu Hijau ini urai Mahfud.
9_121	Untuk rapat anggaran belanja DPR urai Riswandha.	Untuk rapat anggaran belanja DE-PE-ER urai Riswandha.
9_122	Untuk rapat tutup buku urai Syamsul.	Untuk rapat tutup buku urai Syamsul.
9_123	Untuk sembilan belas Nopember berapa DP nya?	Untuk sembilan belas NopEmber berapa DE-PE nya?
9_124	Untuk sementara, mobil mewah yang dipakai untuk perploncoan itu ditahan.	Untuk sementara, mobil mEwah yang dipakai untuk perploncoan itu ditahan.
9_125	Untuk survei pembentukan kantor perwakilan tabloid PAS.	Untuk survEi pembentukan kantor perwakilan tabloid PAS.
9_126	Untung aparat keamanan dari Polres Poso cepat turun tangan urai Taufiq.	Untung aparat keamanan dari PolrEs Poso cepat turun tangan urai Taufiq.
9_127	Untung bomnya tidak meledak di perumahan dan masjid Ujong Batu sini urai Basri.	Untung bomnya tidak meledak di perumahan dan masjid Ujong Batu sini urai Basri.
9_128	Upaya-upaya dialog menuju perdamaian, imbau Faisal, seyogyanya tidak dihambat.	Upaya-upaya dialog menuju perdamaian, imbau Faisal, seyogyanya tidak dihambat.
9_129	Usahakan Sinay dan ratusan ribu warga Jakarta tetap tenang, urainya lagi.	Usahakan Sinay dan ratusan ribu warga Jakarta tetap tenang, urainya lagi.
9_130	Usai ijab kabul pukul sepuluh tepat Agus Seno Aji tersenyum sumringah.	Usai ijab kabul pukul sepuluh tepat Agus SEno Aji tersenyum sumringah.
9_131	Usai menyaksikan defile Angkatan Bersenjata Myanmar selama empat jam.	Usai menyaksikan dEfilE Angkatan Bersenjata Myanmar selama empat jam.
9_132	Usai pengumuman pemenang untuk kategori penyanyi favorit Indonesia itu.	Usai pengumuman pemenang untuk katEgori penyanyi favorit IndonEsia itu.
9_133	Usai sidang yang dipimpin oleh hakim Zubair Jayadi.	Usai sidang yang dipimpin olEh hakim Zubair Jayadi.
9_134	Usai tanya jawab dengan warga Lebaksiu Wakapolres Sinjai diculik massa.	Usai tanya jawab dengan warga Lebaksiu WakapolrEs Sinjai diculik massa.
9_135	Usai wawancara dengan wagub Bidang Kesra Djaelani.	Usai wawancara dengan wagub Bidang KEsra JaElani.
9_136	Usamah bersyukur atas serangan ke WTC dan Pentagon, yang kemudian dianggap sebagai bom syahid.	Usamah bersyukur atas serangan ke WE-TE-SE dan PEntagon, yang kemudian dianggap sebagai bom syahid.
9_137	Veteran perang Afganistan yaitu Syekh Yasin.	VEteran perang Afganistan yaitu SyEkh Yasin.
9_138	Vonis terhadap Hakim Agung Zendrato ditunda.	Vonis terhadap Hakim Agung ZEndrato ditunda.
9_139	Wahab Kusnadi sang pemilik Volvo hitam tidak membayar pajak hotel.	Wahab Kusnadi sang pemilik Volvo hitam tidak membayar pajak hotEl.
9_140	Wahai Anggota Dewan yang terhormat warga RRC bebas masuki wilayah Indonesia.	Wahai Anggota DEwan yang terhormat warga ER-ER-CE bEbas masuki wilayah IndonEsia.
9_141	Wahai nusa bangsa aku bela senantiasa.	Wahai nusa bangsa aku bEla senantiasa.
9_142	Wahai umat manusia patuhilah mekanisme hukum.	Wahai umat manusia patuhilah mEkanisme hukum.
9_143	Wahid khawatir dengan membengkaknya utang swasta yang dialami pabrik sepatu merek Fila.	Wahid khawatir dengan membengkaknya utang swasta yang dialami pabrik sepatu mErek Fila.
9_144	Wajar saja jika peraturan tersebut harus direview kembali.	Wajar saja jika peraturan tersebut harus di-ri-vi-uw kembali.
9_145	Wakapolres Sinjai akan ditindak tegas ujar Jokowi Rabu siang.	WakapolrEs Sinjai akan ditindak tegas ujar Jokowi Rabu siang.
9_146	Wakil Ketua MPR Cholil Bisri mengadakan selamatan menempati rumah baru.	Wakil Ketua EM-PE-ER Kholil Bisri mengadakan selamatan menempati rumah baru.
9_147	Wakil Sekjen PKB Syaifullah Yusuf kecewa walau otonomi khusus sekalipun.	Wakil SEkjEn PE-KA-BE Syai-ful-lah Yusuf kecEwa walau otonomi khusus sekalipun.
9_148	Waktu jatuh tempo utang itu lebih cepat dari pengembalian investasi.	Waktu jatuh tEmpo utang itu lebih cepat dari pengembalian invEstasi.
9_149	Walau acara yang disajikan pukul tiga kurang dua puluh menit cukup heboh.	Walau acara yang disajikan pukul tiga kurang dua puluh menit cukup heboh.
9_150	Walau partai uji coba, kedua tim tampil ngotot dan keras.	Walau partai uji coba, kedua tim tampil ngotot dan keras.
9_151	Walaupun di Merauke masih berada di bawah ufuk.	Walaupun di MeraukE masih berada di bawah ufuk.
9_152	Walaupun kolom itu lebih banyak bersifat glenyengan.	Walaupun kolom itu lebih banyak bersifat glenyengan.
9_153	Warga Lita Sinjai Utara sepakat Wapres Syahril sebaiknya mundur.	Warga Lita Sinjai Utara sepakat WaprEs Syah-ril sebaiknya mundur.
9_154	Warga yang ikut dalam konvoi bukannya terprovokasi.	Warga yang ikut dalam konvoi bukannya terprovokasi.
9_155	Warna air danau menjadi hijau, berlendir, dan berbau busuk.	Warna air danau menjadi hijau, berlendir, dan berbau busuk.
9_156	Wartawan Tabloid KILAS yakni Jeje Zainudin.	Wartawan Tabloid KILAS yakni JEjE Zainudin.
9_157	Wasit dan pelatih Bali ikuti Klinik Futsal PSSI.	Wasit dan pelatih Bali ikuti Klinik Futsal PE-ES-ES-I.
9_158	Weyin lebih banyak dan pintar memanfaatkan kesempatan sempit.	WE-yin lebih banyak dan pintar memanfaatkan kesempatan sempit.
9_159	Wesel yang dimaksud yaitu izin transit Yacob Tobing.	WEsel yang dimaksud yaitu izin transit Yacob Tobing.
9_160	Wilfred Simatupang waspadai daging glonggongan.	Wil-frEd Si-ma-tu-pang waspadai daging glonggongan.
9_161	Wulan mungkin benar bahwa ia pandai menulis.	Wulan mungkin benar bahwa ia pandai menulis.
9_162	Ya repot ya walaupun sudah banyak hijaunya Wismoyo cuma mengatakan begitu saja.	Ya rEpot ya walaupun sudah banyak hijaunya Wismoyo cuma mengatakan begitu saja.
9_163	Ia tidak tahu setelah itu uangnya untuk nyumbang apa, ujarnya.	Ia tidak tahu setelah itu uangnya untuk nyumbang apa, ujarnya.
9_164	Ya, waspadalah hai para pendidik terhadap perangai seperti ini.	Ya, waspadalah hai para pendidik terhadap perangai seperti ini.
9_165	Yacob Nuwawea adakan pertemuan antar kepala cabang membahas Safari Lintas Agama.	Yacob NuwawEa adakan pertemuan antar kepala cabang membahas Safari Lintas Agama.
9_166	Ada dua sungai besar disana yaitu Sungai Ciparugpug dan Cibeureum Gede.	Ada dua sungai besar disana yaitu Sungai Ciparugpug dan Cibeureum GedE.
9_167	Yakni Departemen Penerangan yang syukur telah dibubarkan.	Yakni DepartemEn Penerangan yang syukur telah dibubarkan.
9_168	Yakni Indoexchange yang diketuai Yusuf Syakir.	Yakni IndoEkschEng yang diketuai Yusuf Sya-kir.
9_169	Yakni izin percobaan gerbong nomor dua.	Yakni izin percobaan gerbong nomor dua.
9_170	Yakni novum dan adanya kekhilafan dalam putusan majelis kasasi.	Yakni novum dan adanya kekhilafan dalam putusan majelis kasasi.
9_171	Yang ada cuma kongkow-kongkow pemuda, pegawai dan pengemudi bajaj setempat menjaga keamanan.	Yang ada cuma kongkow-kongkow pemuda, pegawai dan pengemudi bajay setempat menjaga keamanan.
9_172	Yang dibahas pada pertemuan antar kepala ranting yaitu kasus Brunaigate dan Buloggate.	Yang dibahas pada pertemuan antar kepala ranting yaitu kasus BruneigEit dan BuloggEit.
9_173	Yang jelas Polres Kota Bandung bukan memihak PDI Perjuangan, jawab Roy sambil tertawa.	Yang jelas PolrEs Kota Bandung bukan memihak PE-DE-I Perjuangan, jawab Roy sambil tertawa.
9_174	Yang jelas, sebagai anggota Dewan, Sutrisno cukup vokal.	Yang jelas, sebagai anggota Dewan, Sutrisno cukup vokal.
9_175	Hal itu menjadi penyebab mekanis penurunan laba operasi konsolidasi.	Hal itu menjadi penyebab mekanis penurunan laba operasi konsolidasi.
9_176	Brigade fasilitas di Ciparugpug.	Brigade fasilitas di Ciparugpug.
9_177	Gerindra, Nasdem, dan Perindo bukan Partai Klasik.	Gerindra, Nasdem, dan PErindo bukan Partai Klasik.
9_178	Pemerintah melalui BI menurunkan suku bunga obligasi.	Pemerintah melalui BE-I menurunkan suku bunga obligasi.
9_179	Dia masuk ke dalam daftar tokoh Orba versi baru itu.	Dia masuk ke dalam daftar tokoh Orba vErsi baru itu.
9_180	Kebakaran juga melanda areal transmigrasi.	Kebakaran juga melanda arEal transmigrasi.
9_181	Kapolri Badrodin Haiti menjamin kunjungan Presiden Joko Widodo dan Ibu Negara Iriana ke Papua aman.	Kapolri Badrodin Haiti menjamin kunjungan PrEsidEn Joko Widodo dan Ibu Negara Iriana ke Papua aman.
9_182	Sebagaimana dilansir dalam siaran pers Tim Komunikasi Presiden Ari Dwipayana.	Sebagaimana dilansir dalam siaran pErs Tim Komunikasi PrEsidEn Ari Dwipayana.
9_183	Terjadi penyerangan dan penembakan ke Polsek Sinak, Puncak Jaya, Jayawijaya pada Minggu malam.	Terjadi penyerangan dan penEmbakan ke PolsEk Sinak, Puncak Jaya, Jayawijaya pada Minggu malam.
9_184	Sekretaris Kabinet Pramono Anung mengatakan bahwa Presiden Jokowi yakin penyerangan ini segera akan bisa diatasi.	SekrEtaris KabinEt Pramono Anung mengatakan bahwa PrEsidEn Jokowi yakin penyerangan ini segera akan bisa diatasi.
9_185	Ekspedisi Kapsul Waktu telah berhasil membawa Kapsul Waktu Impian Indonesia.	EkspEdisi Kapsul Waktu telah berhasil membawa Kapsul Waktu Impian IndonEsia.
9_186	Hal ini merupakan bagian dari Gerakan Nasional Ayo Kerja dalam rangka tujuh puluh tahun Indonesia Merdeka.	Hal ini merupakan bagian dari Gerakan Nasional Ayo Kerja dalam rangka tujuh puluh tahun IndonEsia MerdEka.
9_187	Nick Nurrachman menjelaskan kegiatan ini merupakan gerakan swadaya dan sukarela.	Nik Nur-rah-man menjelaskan kegiatan ini merupakan gerakan swadaya dan sukarEla.
9_188	Panitia berkoordinasi dengan Pemerintah Provinsi, Kabupaten atau Kota, dan Pemerintah Pusat.	Panitia berkoordinasi dengan Pemerintah Provinsi, KabupatEn atau Kota, dan Pemerintah Pusat.
9_189	Pemerintahan pusat yang terlibat yaitu Mensesneg, Kepala Staf Presiden, Sekretaris Kabinet, Kemenkomar, dan Kemenko PMK.	Pemerintahan pusat yang terlibat yaitu MEnsEsnEg, Kepala Staf prEsidEn, SEkretaris KabinEt, KEmEnkomar, dan KEmEnko PE-EM-KA.
9_190	Selain itu, ada pula Kemendagri, Kementerian PUPR, Kemenhub, dan Kemendikbud.	Selain itu, ada pula KEmEndagri, Kementerian PE-U-PE-ER, KEmEnhub, dan KEmEndikbud.
9_191	Kemenaker, Kemensos, KemenPAN, RB, Kemenpora turut menyukseskan acara itu.	KEmEnaker, KEmEnsos, KemEnPAN, ER-BE, KEmEnpora turut menyuksEskan acara itu.
9_192	Mereka dibantu oleh Kemenpar, KemenESDM, dan Badan Ekonomi Kreatif.	MerEka dibantu olEh KEmEnpar, KEmEn-ES-DE-EM, dan Badan Ekonomi KrEatif.
9_193	Merayakan natal berarti menjalankan revolusi karakter dan revolusi mental, ujar Presiden Joko Widodo.	Merayakan natal berarti menjalankan rEvolusi karakter dan rEvolusi mEntal, ujar prEsidEn Joko Widodo.
9_194	Wakil Presiden Jusuf Kalla meresmikan peluncuran logo dan maskot Asian Games.	Wakil prEsidEn Yusuf Kalla meresmikan peluncuran logo dan maskot Asian GEms.
9_195	Setya Novanto mengumumkan pengunduran dirinya sebagai ketua DPR di tengah rapat paripurna.	Setya Novanto mengumumkan pengunduran dirinya sebagai ketua DE-PE-ER di tengah rapat paripurna.
9_196	Militan ISIS melakukan perdagangan minyak kepada pemerintah Presiden Suriah Bashar al-Assad.	Militan ISIS melakukan perdagangan minyak kepada pemerintah prEsidEn Suriah Bashar al Assad.
9_197	Indonesia harus rela melepaskan gelar juara umum ASEAN pada Games delapan.	IndonEsia harus rEla melepaskan gelar juara umum AsEan pada GEms delapan.
9_198	Sejumlah pemain bintang bulutangkis kelas dunia berebut tiket untuk lolos dan tampil di olimpiade Rio de Janeiro Brazil.	Sejumlah pemain bintang bulutangkis kelas dunia berebut tikEt untuk lolos dan tampil di olimpiade Rio de JanEiro Brazil.
9_199	Jasad pilot yang tewas saat Turki menembak jatuh jet Rusia dibawa ke Turki.	Jasad pilot yang tEwas saat Turki menEmbak jatuh jEt Rusia dibawa ke Turki.
9_200	Panitia Pengawas Pemilihan atau Panwaslih Kabupaten Banjar Kalimantan Selatan memberikan bimbingan teknis kepada seluruh Panwascam.	Panitia Pengawas Pemilihan atau Panwaslih KabupatEn Banjar Kalimantan Selatan memberikan bimbingan tEknis kepada seluruh Panwascam.
9_201	Polda Metro Jaya menangkap gerombolan pelaku penipuan SMS Mama Minta Pulsa.	Polda MEtro Jaya menangkap gerombolan pelaku penipuan ES-EM-ES Mama Minta Pulsa.
9_202	Juru Bicara Kementerian Luar Negeri Kemlu RI dijabat oleh Arrmanatha Nasir.	Juru Bicara Kementerian Luar Negeri KEmlu ER-I dijabat olEh Arr-ma-na-ta Nasir.
9_203	Anggota Komisi sepuluh DPR RI menegaskan dualisme rezim persepakbolaan tanah air harus dicarikan jalan keluarnya.	Anggota Komisi sepuluh DE-PE-ER ER-I menegaskan dualisme rEzim persEpakbolaan tanah air harus dicarikan jalan keluarnya.
9_204	Persaingan antara Valentino Rossi dan Marc Marquez di Sirkuit Sepang, Malaysia.	Persaingan antara ValEntino Rossi dan Mark MarquEz di Sirkuit Sepang, Malaysia.
9_205	Bencana asap kebakaran hutan dan lahan atau Karhutla di Indonesia berdaampak pada tiga perempat wilayah Nusantara.   	Bencana asap kebakaran hutan dan lahan atau Karhutla di IndonEsia berdampak pada tiga perempat wilayah Nusantara.   
9_206	Gedung Putih mengecam keras karpet merah selamat datang dari Rusia saat menyambut kedatangan Presiden Suriah Bashar al-Assad.	Gedung Putih mengecam keras karpEt mErah selamat datang dari Rusia saat menyambut kedatangan prEsidEn Suriah Bashar al Assad.
9_207	Malaysia keberatan dengan pembangunan di pulau di wilayah sengketa Laut China Selatan oleh Beijing.	Malaysia keberatan dengan pembangunan di pulau di wilayah sengkEta Laut China Selatan olEh Beijing.
9_208	Panitia Penyelenggara Ibadah Haji atau PPIH Arab Saudi mengidentifikasi jamaah haji Indonesia yang wafat karena peristiwa Mina.	Panitia Penyelenggara Ibadah Haji atau PE-PE-I-HA Arab Saudi mengidEntifikasi jamaah haji IndonEsia yang wafat karena peristiwa Mina.
9_209	Lobi hotel Gawharatal Jawar dijadikan tempat menginap jamaah haji Indonesia asal Jawa Barat.	Lobi hotEl Gawharatal Jawar dijadikan tempat menginap jamaah haji IndonEsia asal Jawa Barat.
9_210	Bentrokan pecah di Masjid Al-Aqsa di Yerusalem antara pasukan keamanan Israel dan warga Palestina.	Bentrokan pecah di Masjid Al-Aqsa di Yerusalem antara pasukan keamanan Isra-El dan warga PalEstina.
9_211	Penguasa Arab Saudi, Raja Salman, memberikan keterangan pers terkait musibah di Mina.	Penguasa Arab Saudi, Raja Salman, memberikan keterangan pErs terkait musibah di Mina.
9_212	Novak Djokovic merebut gelar juara Grand Slam ketiganya pada dua ribu lima belas.	Novak Jokovik merebut gelar juara Grand Slam ketiganya pada dua ribu lima belas.
9_213	Kementerian Pemuda dan Olahraga atau Kemenpora akan memfokuskan dalam pembinaan dan prestasi atlet-atlet olahraga nasional.	Kementerian Pemuda dan Olahraga atau KEmEnpora akan memfokuskan dalam pembinaan dan prEstasi atlEt-atlEt olahraga nasional.
9_214	Presiden Amerika Serikat Barrack Obama pada Rabu meminta maaf ke Tokyo setelah WikiLeaks mengklaim Washington telah memata-matai politisi Jepang.	prEsidEn AmErika Serikat Barrak Obama pada Rabu meminta maaf ke Tokyo setelah Wiki-Liks mengklaim Washington telah memata-matai politisi Jepang.
9_215	Kinerja IHSG dua ribu lima belas sempat cetak sejarah tertinggi lalu terperosok.	Kinerja I-HA-ES-GE dua ribu lima belas sempat cEtak sejarah tertinggi lalu terperosok.
9_216	Rusdi Kirana masuk ke dalam lima orang kaya Indonesia yang berjaya di dua ribu lima belas.	Rusdi Kirana masuk ke dalam lima orang kaya IndonEsia yang berjaya di dua ribu lima belas.
9_217	Berbagai paket kebijakan telah diluncurkan guna memberi stimulus pada perekonomian.	Berbagai pakEt kebijakan telah diluncurkan guna memberi stimulus pada perEkonomian.
9_218	Berbagai kebijakan dikeluarkan seperti mewajibkan transaksi dalam negeri menggunakan Rupiah.	Berbagai kebijakan dikeluarkan seperti mewajibkan transaksi dalam negeri menggunakan Rupiah.
9_219	Anjloknya Rupiah dipicu kuatnya sentimen eksternal seperti ketidakpastian kenaikan suku bunga The Fed.	Anjloknya Rupiah dipicu kuatnya sEntimEn Eksternal seperti ketidakpastian kenaikan suku bunga, De FEd.
9_220	Menurut Enny, faktor fundamental dalam negeri seperti defisit neraca pembayaran akan menekan nilai tukar Rupiah.	Menurut Enni, faktor fundamEntal dalam negeri seperti dEfisit neraca pembayaran akan menekan nilai tukar Rupiah.
9_221	Konsorsium reasuransi dari tiga BUMN ini sudah siap ujarnya.	Konsorsium rE-asuransi dari tiga BE-U-EM-EN ini sudah siap ujarnya.
9_222	Polda Metro rilis barang bukti kasus kejahatan sepanjang bulan Desember ini.	Polda MEtro rilis barang bukti kasus kejahatan sepanjang bulan DEsEmber ini.
9_223	Bisnis online dipandang sebagai salah satu bisnis yang paling menjanjikan di masa depan.	Bisnis on-layin dipandang sebagai salah satu bisnis yang paling menjanjikan di masa depan.
9_224	Selfie menjadi tren foto paling hits di media sosial.	SElfi menjadi trEn foto paling hits di mEdia sosial.
9_225	Penyakit alzheimer memang bukanlah penyakit baru.	Penyakit alzhEimer memang bukanlah penyakit baru.
9_226	Serangan teror bayangi perayaan tahun baru di Eropa.	Serangan tEror bayangi perayaan tahun baru di Eropa.
9_227	Jembatan berusia tiga abad di Inggris ini ambruk dihantam banjir.	Jembatan berusia tiga abad di Inggris ini ambruk dihantam banjir.
9_228	Limbah styrofoam bisa disulap jadi karya seni.	Limbah stirofom, bisa disulap jadi karya seni.
9_229	Karena kelebihan muatan sebuah truk hantam portal hingga ringsek.	Karena kelebihan muatan, sebuah truk, hantam portal hingga ringsek.
9_230	Akibat jumlah napi terus membludak Kemenkum HAM bangun lapas-lapas baru.	Akibat jumlah napi terus membludak, KEmEnkum HAM bangun lapas-lapas baru.
9_231	Jokowi janji beri amnesti buat Din Minimi dan kelompoknya.	Jokowi janji beri amnEsti buat Din Minimi dan kelompoknya.
9_232	Pemprov Bali akui malu pernikahan sejenis bisa digelar berulang kali.	PEmprov Bali akui malu pernikahan sejenis bisa digelar berulang kali.
9_233	Promosi pariwisata jadi program jangka panjang Kemenpar.	Promosi pariwisata jadi program jangka panjang KEmEnpar.
9_234	Izinkan Setnov diperiksa, Jokowi bebas dari prasangka bantu mafia.	Izinkan Setnov diperiksa, Jokowi bEbas dari prasangka bantu mafia.
9_235	Tiga puluh mobil derek siaga di Ancol dan Thamrin.	Tiga puluh mobil dErEk, siaga di Ancol dan Tamrin.
9_236	Polresta Depok bawa ranjau paku dan borgol untuk amankan pesta Tahun Baru.	PolrEsta DEpok bawa ranjau, paku dan borgol untuk amankan pEsta Tahun Baru.
9_237	Gara-gara terompet bersampul Alquran, minimarket mau disegel FPI.	Gara-gara terompEt bersampul Al-qur-an, minimarkEt mau disEgel EF-PE-I.
9_238	Untuk mengejar penerimaan negara, kantor pajak buka sampai jam sembilan malam.	Untuk mengejar penerimaan negara, kantor pajak buka sampai jam sembilan malam.
9_239	Begal beraksi di flyover summarecon.	Begal beraksi di flay-over summarEcon.
9_240	Suara bentakan dengan nada tinggi menyedot semua pasang mata di tengah kereta nomor dua.	Suara bentakan dengan nada tinggi menyedot semua pasang mata di tengah kerEta nomor dua.
9_241	Korban biasanya menuliskan pengalamannya di blog atau forum-forum online.	Korban biasanya menuliskan pengalamannya di blog atau forum-forum on-lain.
9_242	Tadinya gue kira copet, ternyata dia homo.	Tadinya guE kira copEt, ternyata dia homo.
9_243	Rossi tegaskan bakal tetap beringas di MotoGP dua ribu enam belas.	Rossi tegaskan, bakal tetap beringas di Moto-JI-PI dua ribu enam belas.
9_244	Idrus nilai pencabutan SK Golkar kubu Agung Laksono kado tahun baru dari pemerintah.	Idrus nilai pencabutan ES-KA Golkar kubu Agung Laksono, kado tahun baru dari pemerintah.
9_245	Ganjar akan angkat Budi Yulistianto jadi PJ Wali Kota Solo.	Ganjar akan angkat Budi Yulistianto jadi PE-JE Walikota Solo.
9_246	Wahyu Trenggono dijagokan PDIP masuk kabinet.	Wahyu Treng-gono dijagokan PE-DE-I-PE masuk kabinEt.
9_247	Pemenang pilkada serentak diusulkan dilantik bersama akhir Januari.	Pemenang pilkada serentak, diusulkan dilantik bersama akhir Januari.
9_248	Gerindra segera panggil kandidat cagub DKI.	Gerindra segera panggil kandidat cagub DE-KA-I.
9_249	MKD nilai sulit bongkar kasus Politisi PDIP yang mengancam polisi.	EM-KA-DE nilai sulit bongkar kasus Politisi PE-DE-I-PE yang mengancam polisi.
9_250	Pemuda NTT laporkan Herman Hery ke MKD, tapi ditolak.	Pemuda EN-TE-TE laporkan HErman HEry ke EM-KA-DE, tapi ditolak.
9_251	Geliat reshuffle jilid kedua semakin dekat.	Geliat rE-sa-fel jilid kedua semakin dekat.
9_252	Survei indeks menggunakan metode diskusi dan wawancara mendalam.	SurvEi indEks menggunakan mEtode diskusi dan wawancara mendalam.
9_253	Ahok dan Lulung saling serang sebagai pihak yang bertanggungjawab atas kasus dugaan korupsi UPS.	Ahok dan Lulung saling serang sebagai pihak yang bertanggungjawab atas kasus dugaan korupsi U-PE-ES.
9_254	Bos farmasi tamak yang naikkan harga obat HIV akhirnya bangkrut.	Bos farmasi tamak yang naikkan harga obat HA-I-VE akhirnya bangkrut.
9_255	Metro Mini harus gabung Transjakarta kalau tak mau bangkrut.	MEtro Mini harus gabung Transjakarta kalau tak mau bangkrut.
9_256	Ahok tawari gaji tujuh juta rupiah buat sopir Metro Mini.	Ahok tawari gaji tujuh juta rupiah buat sopir MEtro Mini.
9_257	Iwan Fals batal konser di Ancol.	Iwan Fals batal konsEr di Ancol.
9_258	Para suami jadi penjahat demi bahagiakan istri.	Para suami jadi penjahat demi bahagiakan istri.
9_259	Kecelakaan ini menewaskan pilot Letkol Marda dan kopilot Kapten Dwi Cahyadi.	Kecelakaan ini menEwaskan pilot LEtkol Marda dan kopilot KaptEn Dwi Cahyadi.
9_260	Dirjen Perhubungan Darat Djoko Sasono mengundurkan diri.	DirjEn Perhubungan Darat Joko Sasono, mengundurkan diri.
9_261	Menteri Perhubungan Ignasius Jonan meneken surat pemberitahuan larangan beroperasi bagi gojek.	Menteri Perhubungan Ignasius Jonan, menEken surat pemberitahuan larangan beroperasi bagi gojEk.
9_262	Ketua KPK terpilih adalah Agus Rahardjo.	Ketua KA-PE-KA terpilih adalah Agus Raharjo.
9_263	Wapres Jusuf Kalla menemui Presdir PT Freeport Maroef Sjamsoeddin.	WaprEs Yusuf Kalla menemui PrEsdir PE-TE Fri-port Maruf Syam-sud-din.
9_264	Nikita Mirzani dan Puty Revita ditangkap di Hotel Indonesia Kempinski.	Nikita Mirzani dan Puty REvita ditangkap di HotEl IndonEsia KEmpin-ski.
9_265	Wali Kota Surabaya Tri Rismaharini kembali menang dalam pilkada Surabaya.	Wali Kota Surabaya Tri Rismaharini kembali menang dalam pilkada Sura-baya.
9_266	Metromini rute Grogol-Kalideres tertabrak kereta di perlintasan kereta Angke.	MEtromini rute Grogol-Kalideres, tertabrak kerEta di perlintasan kerEta AngkE.
9_267	Kadar oksigen yang rendah merupakan akibat tingginya kandungan nitrat dan fosfat.	Kadar oksigEn yang rendah merupakan akibat tingginya kandungan nitrat dan fosfat.
9_268	PN Jakarta vonis mati gembong narkoba Wong Chi Ping.	PE-EN Jakarta vonis mati gembong narkoba Wong Ci Ping.
9_269	Abu vulkanik Barujari menutupi Lombok, Bali, hingga Banyuwangi.	Abu vulkanik Barujari menutupi Lombok, Bali, hingga Banyuwangi.
9_270	Densus delapan delapan membekuk Leopard Wisnu pelaku peledakan bom di Mal Alam Sutera.	DEnsus delapan delapan membekuk LEopard Wisnu pelaku peledakan bom di Mal Alam Sutra.
9_271	Arzetti Bilbina digerebek petugas Denpom Divisi Infanteri.	ArzEtti Bilbina digerebek petugas DEnpom Divisi Infanteri.
9_272	Kasus ini menyeret advokat kondang O.C. Kaligis dan Sekjen Partai NasDem Rio Patrice Capella.	Kasus ini menyErEt advokat kondang O-CE Kaligis dan SEkjEn Partai NasDem Rio Patris KapElla.
9_273	Salim Kancil dibunuh karena menolak tambang pasir ilegal.	Salim Kancil dibunuh karena menolak tambang pasir ilEgal.
9_274	Presiden Jokowi meresmikan pengeboran perdana proyek pembangunan mass rapid transit atau MRT.	prEsidEn Jokowi meresmikan pengeboran perdana proyEk pembangunan mas rapid transit atau EM-AR-TI.
9_275	Ahmed Mohamed dilaporkan sekolahnya ke polisi karena membawa benda diduga bom.	AhmEd MohamEd dilaporkan sekolahnya ke polisi karena membawa benda diduga bom.
9_276	Crane proyek perluasan kompleks Masjidil Haram roboh.	KrEn proyEk perluasan komplEks Masjidil Haram roboh.
9_277	Komjen Buwas dicopot dari Bareskrim.	KomjEn Buwas dicopot dari BarEskrim.
9_278	Aylan termasuk satu dari jutaan imigran asal Suriah yang mencari suaka ke Eropa. 	Ay-lan termasuk satu dari jutaan imigran asal Suri-yah yang mencari suaka ke Eropa. 
9_279	Pemprov DKI Jakarta menggusur Kampung Pulo.	PEmprov DE-KA-I Jakarta menggusur Kampung Pulo.
9_280	Menteri Perencanaan Pembangunan Nasional Andrinof Chaniago digantikan Sofyan Djalil.	Menteri Perencanaan Pembangunan Nasional An-dri-nof Ca-ni-ya-go digantikan Sofyan Jalil.
9_281	Musim panas berkepanjangan ditambah fenomena El Nino membuat kebakaran terjadi hingga Oktober.	Musim panas berkepanjangan ditambah fEnomEna El Nino membuat kebakaran terjadi hingga Oktober.
9_282	Partisipasi dibutuhkan dari berbagai elemen masyarakat berbasis gotong royong nasional.	Partisipasi dibutuhkan dari berbagai ElemEn masyarakat berbasis gotong royong nasional.
9_283	Polisi juga menahan dua petinggi PT Garindo Sejahtera Abadi dan beberapa bawahan Partogi.	Polisi juga menahan dua petinggi PE-TE Garindo Sejahtera Abadi dan beberapa bawahan Partogi.
9_284	Penangkapan ini adalah ujung dari penelusuran polisi terhadap lamanya dwelling time di Pelabuhan Tanjung Priok.	Penangkapan ini adalah ujung dari penelusuran polisi terhadap lamanya dwEl-ling taim di Pelabuhan Tanjung Priok.
9_285	Kerusuhan pecah di Karubaga Tolikara saat pelaksanaan sholat idul fitri.	Kerusuhan pecah di Karubaga Tolikara saat pelaksanaan syolat idul fitri.
9_286	Obama juga menemui Presiden Kuba Raul Castro.	Obama juga menemui prEsidEn Kuba Raul Kas-tro.
9_287	Pesawat Hercules jatuh di Jalan Djamin Ginting, Medan.	Pesawat HErkulEs jatuh di Jalan Jamin Ginting, MEdan.
9_288	Putra pertama Presiden Jokowi, Gibran Rakabuming Raka, menikah dengan Selvi Ananda.	Putra pertama prEsidEn Jokowi, Gibran Rakabuming Raka, menikah dengan SElvi Ananda.
9_289	Margriet dan Agustinus Tay ditetapkan sebagai tersangka pembunuhan Engeline.	Mar-gri-Et dan Agustinus Tay, ditetapkan sebagai tersangka pembunuhan Enjelin.
9_290	Namun hasil uji forensik Polri dan BPOM menyimpulkan tak ada beras plastik.	Namun hasil uji forEnsik Polri dan BE-POM menyimpulkan tak ada beras plastik.
9_291	Robby menyebut nama Amel Alvi, Tyas Mirasih, dan Sinta Bachir.	Robbi menyebut nama AmEl Alvi, Tiyas Mirasih, dan Sinta Bahir.
9_292	Hingga kini Jero Wacik masih diadili di Pengadilan Tipikor.	Hingga kini, JEro Wacik masih diadili di Pengadilan Tipikor.
9_293	Kejaksaan Agung mengeksekusi tujuh warga asing terpidana mati kasus narkotika.	Kejaksaan Agung mengEksEkusi tujuh warga asing terpidana mati kasus narkotika.
9_294	Priyo terbukti membunuh dan merampas barang milik Deudeuh.	Priyo terbukti membunuh dan merampas barang milik Dedeh.
9_295	Kopilot Germanwings sengaja menjatuhkan pesawat.	Kopilot JEr-man-wings sengaja menjatuhkan pesawat.
9_296	Sultan dalam Sabdatama tak menghendaki orang luar Keraton ikut campur dalam suksesi takhta.	Sultan dalam Sabdatama tak menghendaki orang luar Keraton ikut campur dalam suksEsi tahta.
9_297	Jokowi melantik Taufiequrachman Ruki untuk menggantikan Abraham Samad.	Jokowi melantik Tau-fi-qu-rah-man Ruki untuk menggantikan Abraham Samad.
9_298	Hakim Sarpin Rizaldi menggugurkan status tersangka Komjen Budi Gunawan. 	Hakim Sarpin Rizaldi menggugurkan status tersangka KomjEn Budi Gunawan. 
9_299	Maraknya begal motor meresahkan warga Jabodetabek.	Maraknya begal motor meresahkan warga JabodEtabEk.
9_300	Wakil Ketua KPK ditangkap Bareskrim Polri.	Wakil Ketua KA-PE-KA ditangkap BarEskrim Polri.