5_001	Kekuasaan itu absurd klaim Irham kemarin siang.	Kekuasaan itu ab-surd klaim Irham kemarin siang.
5_002	Kekuatan reformasi dan status quo itu ibarat minyak dan air.	Kekuatan rEformasi dan status quo itu ibarat minyak dan air.
5_003	Kelelawar dan tupai mengganggu tanamannya keluh Novi.	Kelelawar dan tupai mengganggu tanamannya keluh Novi.
5_004	Kelompok Front Pembela Proklamasi berdomisili di Kelurahan Dawuhan.	Kelompok Front PembEla Proklamasi berdomisili di Kelurahan Dawuhan.
5_005	Kembali Jung-hwan mengancam dengan tendangan keras.	Kembali Jung-hwan mengancam dengan tendangan keras.
5_006	Kembali ke Inggris tanpa kemenangan keluh Sri.	Kembali ke Inggris tanpa kemenangan keluh Sri.
5_007	Kembali ke obrolan warung kopi tadi.	Kembali ke obrolan warung kopi tadi.
5_008	Kemerdekaan Timor Lorosae juga diumumkan kemarin pagi.	Kemerdekaan Timor Loro-saE juga diumumkan kemarin pagi.
5_009	Kemudian kemarin lusa mereka dibawa ke UNHCR.	Kemudian kemarin lusa mereka dibawa ke U-EN-HA-CE-ER.
5_010	Kemudian muncul istilah lagu cengeng keluh Syofian.	Kemudian muncul istilah lagu cEngEng keluh Syofian.
5_011	Kenaikan PBB akan mengakibatkan melonjaknya NJOP.	Kenaikan PE-BE-BE akan mengakibatkan melonjaknya EN-JE-O-PE.
5_012	Kenaikan tarif feri Ketapang-Gilimanuk dimulai kemarin sore.	Kenaikan tarif fEri Ketapang-Gilimanuk dimulai kemarin sorE.
5_013	Kenapa saudara tidak pakai otak? katanya disambut riuh wartawan.	Kenapa saudara tidak pakai otak? katanya disambut riuh wartawan.
5_014	Kendaraan besar diharapkan melalui jalan alternatif jika menuju Banyuwangi.	Kendaraan besar diharapkan melalui jalan alternatif jika menuju Banyuwangi.
5_015	"Kendati begitu, Puji enggan menyebut siapa tersangka yang dimaksudnya itu."	"Kendati begitu, Puji enggan menyebut siapa tersangka yang dimaksudnya itu."
5_016	"Kendati demikian, Sulistio enggan menjelaskan mengenai alasan yang dimaksudkan."	"Kendati demikian, Sulistio enggan menjelaskan mengenai alasan yang dimaksudkan."
5_017	Kepada Koran Tempo Fakhruddin mengatakan bahwa pelakunya mahasiswa.	Kepada Koran TEmpo Fakhruddin mengatakan bahwa pelakunya mahasiswa.
5_018	Kepentingan mereka yakni ukhuwah Islamiyah dan penegakan syariah.	Kepentingan mereka yakni ukhuwah Islamiyah dan penegakan sya-ri-ah.
5_019	Kepolisian daerah dibom pada Kamis sore.	Kepolisian daErah dibom pada Kamis sorE.
5_020	Kepolisian sektor dan Kepolisian wilayah saling bekerja sama.	Kepolisian sEktor dan Kepolisian wilayah saling bekerja sama.
5_021	Kerusakan terjadi karena sistem wesel rel yang tidak sempurna.	Kerusakan terjadi karena sistem wEsel rEl yang tidak sempurna.
5_022	Kesal dengan sikap Srie Atidah yang dianggap mbalelo.	Kesal dengan sikap Sri Atidah yang dianggap mbalElo.
5_023	Kesalahan yang dilakukan Golkar di masa lampau harus ditebus.	Kesalahan yang dilakukan Golkar di masa lampau harus ditebus.
5_024	Kesibukan tidak pernah berhenti sepanjang hari sejak selepas dzuhur.	Kesibukan tidak pernah berhenti sepanjang hari sejak selepas dzuhur.
5_025	Kesowo tersenyum usai pelantikan Kabinet Gotong Royong di Istana Negara.	Kesowo tersenyum usai pelantikan KabinEt Gotong Royong di Istana Negara.
5_026	"Ketahuan bawa Ajinomoto, dua pedagang Bakso nyaris dikeroyok."	"Ketahuan bawa Ajinomoto, dua pedagang Bakso nyaris dikeroyok."
5_027	Keterangan keluarga Fariz dan Polda berbeda.	Keterangan keluarga Fariz dan Polda berbEda.
5_028	Ketiga pekerja itu bukan pegawai Mal Ciputra.	Ketiga pekerja itu bukan pegawai Mal Ciputra.
5_029	Ketiganya warga Jalan Tirai Cipete Utara.	Ketiganya warga Jalan Tirai CipetE Utara.
5_030	Ketika akan dibaiat Khotib Syuriah PBNU.	Ketika akan dibaiat Khotib Syu-ri-ah PE-BE-EN-U.
5_031	"Ketika digerebek polisi, kesehatan sejumlah bayi mencemaskan."	"Ketika digerebek polisi, kesEhatan sejumlah bayi mencemaskan."
5_032	Ketika ditanya tentang keberadaan Fariz saat itu.	Ketika ditanya tentang keberadaan Fariz saat itu.
5_033	Ketika konvoi memasuki Kabul.	Ketika konvoi memasuki Kabul.
5_034	Ketika menerima surat itu Dubes Qatar sempat bertanya.	"Ketika menerima surat itu, Dubes Qatar sempat bertanya."
5_035	Ketika mereka mengklaim telah melakukan uji sohih.	Ketika mereka mengklaim telah melakukan uji sohih.
5_036	Ketika orang GAM nggak mereka temukan.	Ketika orang GAM enggak merEka temukan.
5_037	Ketika para malaikat menengok Kitab catatan amal manusia.	Ketika para malaikat menEngok Kitab catatan amal manusia.
5_038	Ketika Presiden ngomong dekrit.	Ketika prEsiden ngomong dEkrit.
5_039	Ketika satu episode dari sebuah acara ditayangkan.	Ketika satu Episode dari sebuah acara ditayangkan.
5_040	Ketika tengah mengucek-ucek mata.	Ketika tengah mengucek-ucek mata.
5_041	Ketika tiba di kawasan Kedai Runding.	Ketika tiba di kawasan Kedai Runding.
5_042	Ketua Umum Partai Masyumi Abdullah Hehamahua.	Ketua Umum Partai Masyumi Ab-dul-lah HEhamahua.
5_043	Ketua Umum YLBHI Irianto menyatakan kekalahan itu.	Ketua Umum YE-EL-BE-HA-I Irianto menyatakan kekalahan itu.
5_044	"Khusus bagi Goa Nyai, goa ini sangat tabu."	"Khusus bagi Goa Nya-i, goa ini sangat tabu."
5_045	Khusus khitanan massal dipusatkan di Medan.	Khusus khitanan massal dipusatkan di MEdan.
5_046	Kicau burung karya Khrisna Murti.	Kicau burung karya Khrisna Murti.
5_047	Kini digelari sebagai Grup Pop Progresif Terbaik.	Kini digelari sebagai Grup Pop ProgrEsif Terbaik.
5_048	Kini pun ternyata telah melampaui Indonesia.	Kini pun ternyata telah melampaui IndonEsia.
5_049	Kini terhenyak lunglai di hadapan puing-puing bangunan imajinasinya sendiri.	Kini terhenyak lunglai di hadapan puing-puing bangunan imajinasinya sendiri.
5_050	"Kini, Kaleb masih kritis di RS Herna, Medan."	"Kini, KalEb masih kritis di ER-ES Herna, MEdan."
5_051	"Menurut Pujobroto, pemilihan tipe ini berdasarkan dua alasan utama."	"Menurut Pu-jo-bro-to, pemilihan tipe ini berdasarkan dua alasan utama."
5_052	Menurut Smith ini skenario awal pilot helikopter itu.	Menurut Smith ini skEnario awal pilot hElikopter itu.
5_053	Menurut staf Kantor Penghubung Konsul Jenderal RI di Tawau.	Menurut staf Kantor Penghubung Konsul JEnderal ER-I di Tawau.
5_054	Menurut Suroyo Bimantoro dan Wakapolri Komjen Ismail tersangkanya menjurus ke Oknum Polisi.	Menurut Suroyo Bimantoro dan Wakapolri KomjEn Ismail tersangkanya menjurus ke oknum polisi.
5_055	"Menurut Taj Hamad, Natzir adalah pemilik Sahid Grup ini."	"Menurut Taj Ha-mad, Nat-zir adalah pemilik Sahid Grup ini."
5_056	Menurut Theo hal itu tidak akan menjadi masalah selama menyukai hidup.	Menurut ThEo hal itu tidak akan menjadi masalah selama menyukai hidup.
5_057	"Menurut Tyasno, Zen, dan Yuen hasil survei dilakukan PT BAIK."	"Menurut Tyasno, ZEn, dan YuEn hasil survEi dilakukan PE-TE BA-IK."
5_058	Menurut Wakil Kepala Satuan Reserse Iptu Darmono status Zakaria tetap sebagai saksi.	Menurut Wakil Kepala Satuan REserse Ip-tu Dar-mono status Za-ka-ri-ya tetap sebagai saksi.
5_059	Menurut WHO ini menyangkut kunjungan Howard ke UGM.	Menurut WE-HA-O ini menyangkut kunjungan Ho-ward ke U-GE-EM.
5_060	"Menurut Zohra, Soebowo Musa menyewa mobil Slamet Prawiro."	"Menurut Zoh-ra, Subowo Musa menyEwa mobil Sla-met Pra-wi-ro."
5_061	Menurut Zuheir mereka enggak percaya.	Menurut Zu-hEir mereka enggak percaya.
5_062	Menurut Zumrotin mereka mulai khawatir.	Menurut Zumrotin mereka mulai khawatir.
5_063	Menutup pidatonya soal harga kios yang mencapai ratusan juta rupiah. .	Menutup pidatonya soal harga kios yang mencapai ratusan juta rupiah.
5_064	Menyadari bahwa Bangau adalah korban kecelakaan yang sudah dimakamkan.	Menyadari bahwa Bangau adalah korban kecelakaan yang sudah dimakamkan.
5_065	Menyesalkan penahanan suaminya yang dinilai tidak memenuhi mekanisme yuridis.	Menyesalkan penahanan suaminya yang dinilai tidak memenuhi mEkanisme yuridis.
5_066	Menyiapkan kue atau ke pasar membeli pakaian baru.	Menyiapkan kuE atau ke pasar membeli pakaian baru.
5_067	Merayakan seabad Gereja Katedral adalah merayakan puncak keagungan sebagai bangunan.	Merayakan seabad GerEja Katedral adalah merayakan puncak keagungan sebagai bangunan.
5_068	Merek dan Hak Cipta Bimoli merupakan tanggung jawab Bea dan Cukai.	MErek dan Hak Cipta Bimoli merupakan tanggung jawab BEa dan Cukai.
5_069	Mereka adalah Khalil Fuad dan Mukhtar.	Mereka adalah Kha-lil Fuad dan Mukh-tar.
5_070	Mereka juga telah mengenal konsep globalisasi dengan baik.	Mereka juga telah mengenal konsEp globalisasi dengan baik.
5_071	Mereka komplain kalau aransemennya diubah.	Mereka komplain kalau aransemEnnya diubah.
5_072	"Mereka masih bertele-tele, nyinyir tak tentu arah."	"Mereka masih bertElE-tElE, nyinyir tak tentu arah."
5_073	Mereka melanjutkan perjalanan ke arah Blok-M.	Mereka melanjutkan perjalanan ke arah Blok-EM.
5_074	Mereka memfokuskan perhatian hingga lantai delapan gedung WTC yang tersisa.	Mereka memfokuskan perhatian hingga lantai delapan gedung WE-TE-SE yang tersisa.
5_075	Mereka memunculkannya lewat petikan dawai gitar atau ukulele.	Mereka memunculkannya lEwat petikan dawai gitar atau ukulElE.
5_076	Mereka mengacungkan sejumlah poster yang mencerca Fadhillah.	Mereka mengacungkan sejumlah poster yang mencerca Fa-dhil-lah.
5_077	Mereka mengenang Bendot sebagai ayah yang memperhatikan keluarga.	Mereka mengenang BEndot sebagai ayah yang memperhatikan keluarga.
5_078	Mereka pun ditanyai oleh Mami Fuzi Minggu sore.	Mereka pun ditanyai olEh Mami Fu-zi Minggu sorE.
5_079	Mereka sengaja memakai mobil preman.	Mereka sengaja memakai mobil prEman.
5_080	Mereka sudah sangat ngawur ujar Kepala Divisi Kampanye WALHI Sulawesi Tengah.	Mereka sudah sangat ngawur ujar Kepala Divisi Kampanye WALHI Sulawesi Tengah.
5_081	"Mereka tak mengibarkan atribut seperti spanduk, bendera atau yel-yel."	"Mereka tak mengibarkan atribut seperti spanduk, bendEra atau yEl-yEl."
5_082	Mereka terlihat saling bersenda gurau sambil menunggu giliran.	Mereka terlihat saling bersenda gurau sambil menunggu giliran.
5_083	Mereka tetap ngotot dan berlari.	Mereka tetap ngotot dan berlari.
5_084	Mereka tidak berusaha mencabut surat pengunduran diri mereka dari Inkai.	Mereka tidak berusaha mencabut surat pengunduran diri mereka dari In-kai.
5_085	Mereka tidak dapat masuk Kota Binjai karena diblokir.	Mereka tidak dapat masuk Kota Bin-jai karena diblokir.
5_086	"Mesiu itu tidak dijual sembarangan, ujarnya."	"Mesiu itu tidak dijual sembarangan, ujarnya."
5_087	Mesjid Buntul mulai hidup.	Mesjid Buntul mulai hidup.
5_088	Meski kondisi Sinjai sudah normal Minggu siang.	Meski kondisi Sin-jai sudah normal Minggu siang.
5_089	"Meski orang baru, Habib cukup dikenal sebagai ulama."	"Meski orang baru, Habib cukup dikenal sebagai ulama."
5_090	Meski sempat ditandai isyarat dramatis.	Meski sempat ditandai isyarat dramatis.
5_091	Meski terus dicecar berbagai kritikan.	Meski terus dicecar berbagai kritikan.
5_092	Meskipun memakai syair bahasa Mandarin.	Meskipun memakai sya-ir bahasa Mandarin.
5_093	Meskipun pekerjaannya penjual cendol Minggu sorenya.	Meskipun pekerjaannya penjual cEndol Minggu sorEnya.
5_094	Mestinya pemerintah melakukan penindakan hukum secara lebih sungguh-sunguh.	Mestinya pemerintah melakukan penindakan hukum secara lebih sungguh-sunguh.
5_095	Minggu pagi Mike dimatikan dan sidang ditutup sepihak.	Minggu pagi Maik dimatikan dan sidang ditutup sepihak.
5_096	Mingguan Survei Ekonomi Timur Tengah.	Mingguan survEi Ekonomi Timur Tengah.
5_097	"Mirip celana TNI, Rumsfeld juga mengatakan demikian."	"Mirip celana TE-EN-I, Rums-fEld juga mengatakan demikian."
5_098	Misa Minggu malam Paskah khidmat.	"Misa Minggu, malam Paskah khid-mat."
5_099	Misalnya Andrea yang suka menyibakkan rambut.	Misalnya AndrEa yang suka menyibakkan rambut.
5_100	Misalnya penyakit asma atau epilepsi.	Misalnya penyakit asma atau EpilEpsi.
5_101	Kemajuan ilmu pengetahuan dan teknologi memungkinkan masyarakat memperoleh informasi seluas-luasnya.	Kemajuan ilmu pengetahuan dan teknologi memungkinkan masyarakat memperolEh informasi seluas-luasnya.
5_102	Peran dunia perfilman dalam menjaga norma sosial semakin merosot.	Peran dunia perfilman dalam menjaga norma sosial semakin merosot.
5_103	SMAN satu Wonosobo Jawa Tengah berhasil menjadi Juara satu Lomba Cerdas Cermat empat Pilar MPR.	SeMAN satu Wonosobo Jawa Tengah berhasil menjadi Juara satu Lomba Cerdas Cermat empat Pilar MPR.
5_104	Viva Yoga Mauladi berpendapat bahwa pidato kinerja Presiden Jokowi dinilai bagus.	Viva Yoga Mauladi berpendapat bahwa pidato kinerja Presiden Jokowi dinilai bagus.
5_105	Bakohumas memiliki fungsi organik badan humas dalam struktur kelembagaan.	Bakohumas memiliki fungsi organik badan humas dalam struktur kelembagaan.
5_106	"Prof. DR. John Pieris menyatakan, sekarang ini terjadi kekacauan sistem ketatanegaraan."	Prof  DE-ER John PiEris menyatakan sekarang ini terjadi kekacauan sistem ketatanegaraan.
5_107	Ahmad Basarah meminta rakyat menilai kredibilitas lembaga negara.	Ahmad Basarah meminta rakyat menilai krEdibilitas lembaga negara.
5_108	Eforia pilkada kali ini bisa dibilang fenomenal.	Eforia pilkada kali ini bisa dibilang fEnomEnal.
5_109	"Ketua Perhimpunan Pengusaha Indonesia-Tionghoa, Kiki Bakrie, mengakui hubungan Indonesia dan China sangat baik."	"Ketua Perhimpunan Pengusaha IndonEsia-Tionghoa, Kiki Bakri, mengakui hubungan IndonEsia dan China sangat baik."
5_110	Hal tersebut diungkapkan Pimpinan Fraksi PPP MPR RI Raden Achmad Dimyati Natakusumah.	Hal tersebut diungkapkan Pimpinan Fraksi PE-PE-PE EM-PE-ER ER-I RadEn Ahmad Dimyati Natakusumah.
5_111	Silaturahmi dan kebersamaan pada hari raya Idul Fitri menjadi energi sosial bangsa Indonesia.	Silaturahmi dan kebersamaan pada hari raya Idul Fitri menjadi EnErgi sosial bangsa IndonEsia.
5_112	Di tahun itulah komersialisasi TV Digital dimulai.	Di tahun itulah komErsialisasi Ti-Vi Dijital dimulai.
5_113	Ahmad Basarah menerima kunjungan delegasi STKIP Muhammadiyah Bulukumba dan Yayasan Lentera Amarta Nusantara.	Ahmad Basarah menerima kunjungan dElEgasi ES-TE-KA-I-PE Muhammadiyah Bulukumba dan Yayasan LentEra Amarta Nusantara.
5_114	Universitas Andalas mengundang Ketua MPR untuk hadir pada acara pekan kebangsaan.	UnivErsitas Andalas mengundang Ketua EM-PE-ER untuk hadir pada acara pekan kebangsaan.
5_115	Mohamad Sohibul Iman mengatakan agama sebetulnya sangat kaya akan sumber inspirasi.	Mohamad Sohibul Iman mengatakan agama sebetulnya sangat kaya akan sumber inspirasi.
5_116	Buku yang berjudul Muazin Dari Makkah Darat itu ditulis oleh Ahmad Syafii Maarif.	Buku yang berjudul Muazin Dari Makkah Darat itu ditulis olEh Ahmad Syafii Maarif.
5_117	Arif Budimanta mengatakan Indonesia tak akan bangkrut seperti Yunani.	Arif Budimanta mengatakan IndonEsia tak akan bangkrut seperti Yunani.
5_118	Pro dan kontra soal kepemilikan properti oleh WNA dibahas dalam pertemuan itu.	Pro dan kontra soal kepemilikan properti olEh WE-EN-A dibahas dalam pertemuan itu.
5_119	Tidak ada mayoritas absolut atau minoritas tertindas.	Tidak ada mayoritas absolut atau minoritas tertindas.
5_120	Di Indonesia hak rakyat harus diakomodir.	Di IndonEsia hak rakyat harus diakomodir.
5_121	"Dari sisi konstitusi, perlu ada regulasi atau undang-undang yang memberikan sanksi bagi pemimpin yang ingkar janji."	"Dari sisi konstitusi, perlu ada rEgulasi atau undang-undang yang memberikan sangsi bagi pemimpin yang ingkar janji."
5_122	Mangindaan disambut tepuk tangan meriah oleh seluruh hadirin.	Mangindaan disambut tepuk tangan meriah olEh seluruh hadirin.
5_123	Lunturnya pengamalan Pancasila sebagai nilai luhur bangsa antara lain makin hilangnya sifat kegotongroyongan.	Lunturnya pengamalan Pancasila sebagai nilai luhur bangsa antara lain makin hilangnya sifat kegotongroyongan.
5_124	Kematian gadis kecil berumur delapan tahun Angeline yang sangat mengenaskan menjadi keprihatinan semua pihak.	Kematian gadis kecil berumur delapan tahun Enjelin yang sangat mengenaskan menjadi keprihatinan semua pihak.
5_125	Doakan dan dukung kontingen SEA Games dua ribu lima belas di Singapura.	Doakan dan dukung kontingen Si GEms dua ribu lima belas di Singapura.
5_126	Jenderal Gatot Nurmantyo adalah tentara yang sangat profesional dan memiliki banyak prestasi.	JEnderal Gatot Nurmantyo adalah tentara yang sangat profEsional dan memiliki banyak prEstasi.
5_127	"Indonesia sulit mencapai swasembada pangan, terutama swasembada beras."	"IndonEsia sulit mencapai swasembada pangan, terutama swasembada beras."
5_128	HNW ingatkan birokrat tentang akhlak Rasulullah.	HA-EN-WE ingatkan birokrat tentang akhlak Rosulullah.
5_129	Pemblokiran separatisme dan komunisme juga korupsi dalam menyelamatkan NKRI.	Pemblokiran separatisme dan komunisme juga korupsi dalam menyelamatkan EN-KA-ER-I.
5_130	"Disana ada acara Pembukaan Muhammadiyah Expo dua ribu lima belas, Festival kuliner dan kerajinan tradisional."	"Disana ada acara Pembukaan Muhammadiyah Expo dua ribu lima belas, FEstival kulinEr dan kerajinan tradisional."
5_131	Polisi harus tindak tegas pemalsuan Ijazah.	Polisi harus tindak tegas pemalsuan Ijazah.
5_132	Gerakan Pramuka Indonesia dan kiprahnya selama ini banyak mendapat pujian dan apresiasi dunia internasional.	Gerakan Pramuka IndonEsia dan kiprahnya selama ini banyak mendapat pujian dan aprEsiasi dunia internasional.
5_133	Audiensi Hidayat Nur Wahid dengan Asosiasi Pramuka Saudi Arabia dan Kwarnas Pramuka Indonesia.	AudiEnsi Hidayat Nur Wahid dengan Asosiasi Pramuka Saudi Arabia dan Kwarnas Pramuka IndonEsia.
5_134	Tidak ada negara baik negara maju sekalipun yang setoleran Indonesia.	Tidak ada negara baik negara maju sekalipun yang setolEran IndonEsia.
5_135	Maka dari itu negara lain jangan mengajar-ngajarkan soal toleransi kepada kita.	Maka dari itu negara lain jangan mengajar-ngajarkan soal tolEransi kepada kita.
5_136	Seminar Nasional diadakan pada hari Kamis di Hotel Bidakara Jakarta.	Seminar Nasional diadakan pada hari Kamis di HotEl Bidakara Jakarta.
5_137	Ketua Umum DPP Partai Amanat Nasional berharap para kandidat bisa berkontestasi secara fair.	Ketua Umum DE-PE-PE Partai Amanat Nasional berharap para kandidat bisa berkontEstasi secara fER.
5_138	Pandawa Lima merupakan semboyan kejayaan dan kemenangan Pancasila.	Pandawa Lima merupakan semboyan kejayaan dan kemenangan Pancasila.
5_139	MPR mengadakan pagelaran wayang kulit di halaman kantor pemerintah kota Blitar.	EM-PE-ER mengadakan pagelaran wayang kulit di halaman kantor pemerintah kota Blitar.
5_140	"Pagelaran wayang ini masih dalam rangkaian peringatan hari Lahir Pancasila satu Juni di Blitar, Jawa Timur."	"Pagelaran wayang ini masih dalam rangkaian peringatan hari Lahir Pancasila satu Juni di Blitar, Jawa Timur."
5_141	Dalang dalam pagelaran ini adalah Cahyo Kuntadi.	Dalang dalam pagelaran ini adalah Cahyo Kuntadi.
5_142	Gladi bersih diikuti para peraga peringatan hari lahir Pancasila.	Gladi bersih diikuti para peraga peringatan hari lahir Pancasila.
5_143	Bangsa Indonesia sedang mengalami disorientasi budaya dan dismotivasi budaya.	Bangsa IndonEsia sedang mengalami disoriEntasi budaya dan dismotivasi budaya.
5_144	"Perguruan tinggi swasta di bawah Kopertis Wilayah dua meliputi Sumatra Selatan, Lampung, Bengkulu, dan Bangka Belitung."	"Perguruan tinggi swasta di bawah Kopertis Wilayah dua meliputi Sumatra Selatan, Lampung, Bengkulu, dan Bangka Belitung."
5_145	Dia datang untuk takziah Raja Sapta Sermando yang meninggal karena sakit pada hari Senin.	Dia datang untuk takziah Raja Sapta Sermando yang meninggal karena sakit pada hari Senin.
5_146	Garda terdepan pembentukan karakter bangsa generasi muda adalah guru.	Garda terdepan pembentukan karakter bangsa generasi muda adalah guru.
5_147	Teriakan siapa kita membahana di ruang auditorium olahraga asrama mahasiswa.	Teriakan siapa kita membahana di ruang auditorium olahraga asrama mahasiswa.
5_148	Zulkifli langsung didaulat menjadi Pembina Tapak Suci IPB.	Zulkifli langsung didaulat menjadi Pembina Tapak Suci I-PE-BE.
5_149	Pekerja outsorcing BUMN meminta bantuan Ketua MPR.	Pekerja aut-sorsing BE-U-EM-EN meminta bantuan Ketua EM-PE-ER.
5_150	Perlu dilakukan revitalisasi sistem kepartaian dalam sistem pemerintahan di Indonesia.	Perlu dilakukan rEvitalisasi sistem kepartaian dalam sistem pemerintahan di IndonEsia.
5_151	Dan sabetan kelewang merobek perut dokter itu pukul empat dini hari.	Dan sabetan kelewang merobEk perut dokter itu pukul empat dini hari.
5_152	Kiai Haji Fuad Amien Imron lahir di Wates.	Kiai Haji Fuad Amin Imron lahir di Wates.
5_153	Kapal selam dan kapal curah itu terkena rudal torpedo nyasar.	Kapal selam dan kapal curah itu terkena rudal torpEdo nyasar.
5_154	Kanvas rem cepat habis imbuh Ferry.	Kanvas rEm cepat habis imbuh FErri.
5_155	"Dari tiga partai besar, kader PDI-Perjuangan paling banyak yang korup."	"Dari tiga partai besar, kader PE-DE-I-Perjuangan paling banyak yang korup."
5_156	Dari ransel milik AS ditemukan benda tajam berupa dua puluh satu pisau komando.	Dari ransel milik A-ES ditemukan benda tajam berupa dua puluh satu pisau komando.
5_157	"Betul nggak? Betul sekali, jawab Dan Safuan."	"Betul engga? Betul sekali, jawab Dan Safuan."
5_158	"Biasanya berwujud legenda dari seluruh daerah nusantara, imbaunya lagi."	"Biasanya berwujud legEnda dari seluruh daErah nusantara, imbaunya lagi."
5_159	"Bila urusan Yoichi ini selesai, bidang pengembangan produk baru akan produksi."	"Bila urusan Yoichi ini selesai, bidang pengembangan produk baru akan produksi."
5_160	Minta info Billing air PAM atau billing air bulan nopember dong mas.	Minta info Billing air PAM atau billing air bulan nopEmber dong mas.
5_161	Bisa lewat transfer atau harus paka kartu kredit?	Bisa lEwat transfer atau harus pakai kartu krEdit?
5_162	Strateginya bisa menggolkan dua puluh satu anggota pansus.	StratEginya bisa menggolkan dua puluh satu anggota pansus.
5_163	"Oleh sebab itu, bisa muncul celah penyelundupan senjata api melalui laut ke Aceh."	"olEh sebab itu, bisa muncul celah penyelundupan senjata api melalui laut ke AcEh."
5_164	Brigade infanteri nomer dua tiga dua empat.	Brigade infanteri nomer dua tiga dua empat.
5_165	Brigade mobil dipimpin oleh Brigjen Bachrumsyah Kasman.	Brigade mobil dipimpin olEh BrigjEn Bahrumsyah Kasman.
5_166	Brigjen Choirul Rasyid menjabat sebagai Brimob polres bandung.	BrigjEn Hoirul Rasyid menjabat sebagai Brimob polrEs bandung.
5_167	Presiden Zimbabwe melakukan lawatan ke Brunei Darussalam dan Philipina.	PrEsidEn ZimbabwE melakukan lawatan ke BrunEi Darussalam dan Filipina.
5_168	Suasana menjadi mencekam ketika terdengar bunyi lirik lagu Butet dan Sungai Ular.	Suasana menjadi mencekam ketika terdengar bunyi lirik lagu ButEt dan Sungai Ular.
5_169	Dalam artikel tersebut disebutkan empat orang dokter ahli syaraf dan mata berangkat ke Venezuela.	Dalam artikel tersebut disebutkan empat orang dokter ahli syaraf dan mata berangkat ke VEnEzuEla.
5_170	"Berdasarkan keterangan Lutfi Syarif, Ikhdan Nizar ke Jakarta dengan bermodal negatif."	"Berdasarkan keterangan Lutfi Syarif, Ikhdan Nizar ke Jakarta dengan bermodal nEgatif."
5_171	Ia disambut delapan puluh tujuh orang sorak sorai pendukungnya.	Ia disambut delapan puluh tujuh orang sorak sorai pendukungnya.
5_172	Dari survei juga terlihat kalau masyarakat menolak kala ditanya mengenai premi atau iuran jaminan.	Dari survEi juga terlihat kalau masyarakat menolak kala ditanya mengenai prEmi atau iuran jaminan.
5_173	Kebijakan divisi regional dua jakarta akan ditinjau ulang.	Kebijakan divisi rEgional dua jakarta akan ditinjau ulang.
5_174	Dua konvoi lain langsung melakukan perjalanan menuju Kedutaan Besar Qatar.	Dua konvoi lain langsung melakukan perjalanan menuju Kedutaan Besar Qatar.
5_175	Bicaranya ngaco dan ngalor-ngidul kata Sayed kepada Tempo Interaktif.	Bicaranya ngaco dan ngalor-ngidul kata SayEd kepada TEmpo Interaktif.
5_176	Dan halte-halte khusus di sepanjang jalur tersebut sebaiknya dijaga oleh petugas imbuh dia.	Dan halte-halte khusus di sepanjang jalur tersebut sebaiknya dijaga olEh petugas imbuh dia.
5_177	"Dalam kunjungannya ke Oman kali ini, dia membawa enam belas paspampres."	"Dalam kunjungannya ke Oman kali ini, dia membawa enam belas paspamprEs."
5_178	Dalam kasus-kasus korupsi Bulog Goro Batara Sakti dia didenda enam puluh lima milyar rupiah.	"Dalam kasus-kasus korupsi Bulog Goro Batara Sakti, dia didenda enam puluh lima milyar rupiah."
5_179	"Empat perunggu berhasil diraih regu sepak takraw Indonesia, cerita Nunuz Utomo."	"Empat perunggu berhasil diraih regu sEpak takraw IndonEsia, cerita Nunuz Utomo."
5_180	Damai Oh Damai kemana kau kata Moetojib dengan suara bergetar.	Damai Oh Damai kemana kau kata Mutojib dengan suara bergetar.
5_181	Kalau Amien dan Achwan sih pasti bangga dengan julukan Persebaya.	Kalau Amin dan Ahwan sih pasti bangga dengan julukan Persebaya.
5_182	"Dalam suatu acara malam syukuran tidak perlu ada dangdutan segala, imbau dia."	"Dalam suatu acara malam syukuran tidak perlu ada dangdutan segala, imbau dia."
5_183	Dalam siaran radionya Haji Suaib mengatakan sejujurnya.	Dalam siaran radionya Haji Suaib mengatakan sejujurnya.
5_184	Air meluap di daerah Curug Cibinong dan di Cijantung	Air meluap di daErah Curug Cibinong dan di Cijantung
5_185	Kata Roy yang juga dikenal orang kepercayaan Megawati itu.	Kata Roy yang juga dikenal orang kepercayaan MEgawati itu.
5_186	Kata Roy yang menginformasikan Rabu malam padahal tidak disinggung dalam rapat.	Kata Roy yang menginformasikan Rabu malam padahal tidak disinggung dalam rapat.
5_187	Di gubuk atau bedeng yang berada di situlah denyut nadi Edwin berhenti.	Di gubuk atau bEdEng yang berada di situlah denyut nadi Edwin berhenti.
5_188	Dana APBD untuk bantu jeda menyeret suku bunga bank semakin menurun.	Dana A-PE-BE-DE untuk bantu jeda menyErEt suku bunga bank semakin menurun.
5_189	"Dan itu dikerjakan sesuai imannya, jelas Sergei."	"Dan itu dikerjakan sesuai imannya, jelas SErgEi."
5_190	Embong mendukung album Kau dan Aku.	embong mendukung album Kau dan Aku.
5_191	Beberapa waktu lalu Syamsul Nursalim pernah dipanggil DPR.	Beberapa waktu lalu Syamsul Nursalim pernah dipanggil DE-PE-ER.
5_192	"Begitu bayi lahir, mereka hanya diperbolehkan memandikan bayinya."	"Begitu bayi lahir, merEka hanya diperbolEhkan memandikan bayinya."
5_193	Ledakan terjadi beberapa saat setelah aksi penyerangan terhadap konvoi Wakasatgasres.	Ledakan terjadi beberapa saat setelah aksi penyerangan terhadap konvoi Wakasat-gasrEs.
5_194	Empat korban Hiba Utama sudah sampai Cilincing pukul enam pagi tadi.	Empat korban Hiba Utama sudah sampai Cilincing pukul enam pagi tadi.
5_195	"Di sebuah podium khusus di lapangan yang dipenuhi warga, Ikrar berceramah dengan berapi-api."	"Di sebuah podium khusus di lapangan yang dipenuhi warga, Ikrar berceramah dengan berapi-api."
5_196	Jorban dibacok Ikhsan dan saat ini tergeletak Di RS Cileungsi.	Jorban dibacok Ikhsan dan saat ini tergeletak Di ER-ES Cilengsi.
5_197	Direktur Utama BEJ Erry Firmansyah disertai Edi Sunyoto dinilai wajar oleh kwik.	Direktur Utama BE-E-JE Erri Firmansyah disertai Edi Sunyoto dinilai wajar olEh kwik.
5_198	"Itu sudah berikut pembuatan panengnya, katanya lagi."	"Itu sudah berikut pembuatan panengnya, katanya lagi."
5_199	Kalau naik ojek enak pakai gojek.	Kalau naik ojEk enak pakai gojEk.
5_200	Kalau Pemdaprov masih memandang perlu adanya Paskibra.	Kalau PEmdaprov masih memandang perlu adanya Paskibra.
5_201	Kami anggap penyimpangan karena akad kredit baru dibuat belakangan.	Kami anggap penyimpangan karena akad krEdit baru dibuat belakangan.
5_202	"Itu memang perjuangan yang ingin Bapak wujudkan ujar Ivan Ashar, selaku menejer Ramako."	"Itu memang perjuangan yang ingin Bapak wujudkan ujar Ivan Ashar, selaku mEnEjer Ramako."
5_203	Jenderal Mohammed Fahim dan Jenderal Tyasno Sudarto dari DPD Jakarta.	JEnderal MohammEd Fahim dan JEnderal Tyasno Sudarto dari DE-PE-DE Jakarta.
5_204	"Jika Denmark gagal, itu risiko akhir perjuangan."	"Jika DEnmark gagal, itu risiko akhir perjuangan."
5_205	Apakah seorang kyai itu harus memiliki ilmu yang luas atau sekedar simbol agama?	Apakah seorang kyai itu harus memiliki ilmu yang luas atau sekedar simbol agama?
5_206	Apakah SHM saya bisa diambil jumat besok?	Apakah ES-HA-EM saya bisa diambil jumat bEsok?
5_207	Apakah barangnya sudah bisa diambil di Astra Otoparts?	Apakah barangnya sudah bisa diambil di Astra Oto-parts?
5_208	Apakah tarif flat rate itu?	Apakah tarif flat rE-it itu?
5_209	Apakah yang di dekat griya supermarket?	Apakah yang di dekat griya supErmarkEt?
5_210	Bahkan detail pengucapan nama tokohnya pun keliru protes Bambang Mei Finarwanto.	Bahkan detail pengucapan nama tokohnya pun keliru protEs Bambang MEi Finarwanto.
5_211	Bahkan sudah dituangkan dalam bentuk platform dan cetak biru.	Bahkan sudah dituangkan dalam bentuk platform dan cetak biru.
5_212	Nakhwarian berbadan kurus dengan keluhan seluruh giginya sakit disinyalir akibat defisiensi kalsium.	Nakhwarian berbadan kurus dengan keluhan seluruh giginya sakit disinyalir akibat dEfisiEnsi kalsium.
5_213	"Pemerintah berusaha menambah simpanan baik dalam bentuk  cadangan devisa, aset tambahan atau dana tunai tambahan."	"Pemerintah berusaha menambah simpanan baik dalam bentuk  cadangan dEvisa, asEt tambahan atau dana tunai tambahan."
5_214	"Krisis berdampak secara intern maupun ekstern, baik swasta maupun negeri."	"Krisis berdampak secara intern maupun Ekstern, baik swasta maupun negeri."
5_215	Orang Vietnam sangat menjaga nilai-nilai leluhur baik itu nilai tradisi atau agama.	Orang ViEtnam sangat menjaga nilai-nilai leluhur baik itu nilai tradisi atau agama.
5_216	Dia menggandrungi celana atau rok dengan merek levis yang sangat terkenal itu.	Dia menggandrungi celana atau rok dengan mErEk li-vais yang sangat terkenal itu.
5_217	Beban bunga atas utang pokok grup ditanggung oleh komisarisnya.	Beban bunga atas utang pokok grup ditanggung olEh komisarisnya.
5_218	Berapa hari proses pembuatan akte kelahiran di negara Zimbabwe?	Berapa hari prosEs pembuatan akte kelahiran di negara ZimbabwE?
5_219	Berapa ongkos pembuatan KTP di kecamatan?	Berapa ongkos pembuatan KA-TE-PE di kecamatan?
5_220	Berapa total biaya maksimal yang harus saya sediakan?	Berapa total biaya maksimal yang harus saya sediakan?
5_221	Bisa kelar jumat ini jam sembilan?	Bisa kelar jumat ini jam sembilan?
5_222	Bisa rampung sebelum tanggal tiga puluh?	Bisa rampung sebelum tanggal tiga puluh?
5_223	Berapa kurs yang akan dipakai dalam penjualan?	Berapa kurs yang akan dipakai dalam penjualan?
5_224	Berapa nomor telepon kantor pelayanan?	Berapa nomor telepon kantor pelayanan?
5_225	Brunei yang kecil namun kaya minyak.	BrunEi yang kecil namun kaya minyak.
5_226	Buka pintunya sembilan puluh menit saja.	Buka pintunya sembilan puluh menit saja.
5_227	Oknum polisi itu banyak mendatangkan kayu ilegal atau statusnya tidak jelas.	Oknum polisi itu banyak mendatangkan kayu ilEgal atau statusnya tidak jelas.
5_228	Bang Yos dan Bang Leo harus bertanggung jawab sebagai ketua RT dan RW.	Bang Yos dan Bang LEo harus bertanggung jawab sebagai ketua ER-TE dan ER-WE.
5_229	"Di Sragen, hal ini sering diplesetkan menjadi Bajaj Pasti Berlalu."	"Di Sragen, hal ini sering diplEsEtkan menjadi Bajaj Pasti Berlalu."
5_230	Dan Kasogi melayangkan tuntutan baik terhadap Roy Suryo maupun terhadap Kompas.	Dan Kasogi melayangkan tuntutan baik terhadap Roy Suryo maupun terhadap Kompas.
5_231	Peran Indonesia sangat strategis baik secara geo politik ataupun geo-ekonomi.	Peran IndonEsia sangat stratEgis baik secara gEo politik ataupun gEo-Ekonomi.
5_232	"Asyiknya rame-rame bareng Artidjo Alkotsar, ya kan?"	"Asyiknya ramE-ramE bareng Artid-jo Alkotsar, ya kan?"
5_233	Dia kabur dua hari sebelum conference jam dua belas tepat.	Dia kabur dua hari sebelum konferens jam dua belas tepat.
5_234	Buku itu berisi biografi para pemimpinnya.	Buku itu berisi biografi para pemimpinnya.
5_235	Bukan hanya tekad Gus Dur untuk membuat Indonesia selalu adem ayem.	Bukan hanya tEkad Gus Dur untuk membuat IndonEsia selalu adem ayem.
5_236	"Bukan kue yang didapat, malah bogem mentah."	"Bukan kuE yang didapat, malah bogem mentah."
5_237	Bank mandiri cabang merdEka atau ahmad yani??	Bank mandiri cabang merdEka atau ahmad yani?
5_238	Contoh foto udara hasil jepretan Choi temannya diunggah di instagram.	Contoh foto udara hasil jeprEtan Choi temannya diunggah di instagram.
5_239	Presiden dan menterinya enggak ada yang bener ngomongnya.	PrEsidEn dan menterinya engga ada yang bener ngomongnya.
5_240	Dari ideologi Pancasila ke ideologi agama.	Dari idEologi Pancasila ke idEologi agama.
5_241	Hepatitis A dan hepatitis B diduga mewabah di kalangan mahasiswa IPB Bogor.	HEpatitis A dan hEpatitis B diduga mewabah di kalangan mahasiswa I-PE-BE Bogor.
5_242	Ketua DPW PKB Jatim Choirul Anam memberikan tausyiah di Masjid Stenli.	Ketua DE-PE-WE PE-KA-BE Jatim Hoirul Anam memberikan tausyiah di Masjid StEnli.
5_243	"Entah dianggap hendak melarikan diri atau sebab lain, Eurico ditangkap di Shanghai."	"entah dianggap hendak melarikan diri atau sebab lain, eriko ditangkap di Shanghai."
5_244	Inflasi menjadi faktor utama yang memicu melemahnya indeks secara kontinyu ini.	Inflasi menjadi faktor utama yang memicu melemahnya indEks secara kontinyu ini.
5_245	Fungsionaris PKB Effendy Choirie mengutarakan hanya lima puluh empat anggota yang hadir pada rapat paripurna.	Fungsionaris PE-KA-BE Effendi Hoiri mengutarakan hanya lima puluh empat anggota yang hadir pada rapat paripurna.
5_246	Hanya sepuluh anggota yang kini beralih ke Syamsul Nursalim.	Hanya sepuluh anggota yang kini beralih ke Syamsul Nursalim.
5_247	"Divisi riset dan teknologi informasi hanya memiliki lima belas anggota, jelas Ngusman."	"Divisi risEt dan tEknologi informasi hanya memiliki lima belas anggota, jelas Ngusman."
5_248	Dirjen Perimbangan Keuangan Pusat dan Daerah Machfudz Sidik dapat ditemui di Bale Agung.	DirjEn Perimbangan Keuangan Pusat dan DaErah Mahfudz Sidik dapat ditemui di BalE Agung.
5_249	Ia pun mencontohkan soal imej publik yang semakin merosot.	Ia pun mencontohkan soal imEj publik yang semakin merosot.
5_250	"Kami akan tetap di sini sampai Eurico dibebaskan, jelas Tomasoa."	"Kami akan tetap di sini sampai eriko dibEbaskan, jelas Tomasoa."
5_251	"Kami akan menghubungi kembali dan kalau ya, kami akan segera ke sana."	"Kami akan menghubungi kembali dan kalau ya, kami akan segera ke sana."
5_252	Kapal-kapal feri mengangkut mayat-mayat menyeberangi Sungai Hudson.	Kapal-kapal fEri mengangkut mayat-mayat menyeberangi Sungai Hudson.
5_253	Kepala Bulog Widjanarko Puspoyo bertemu pers Sabtu kemarin malam.	Kepala Bulog Wijanarko Puspoyo bertemu pErs Sabtu kemarin malam.
5_254	Kesepakatan pemerintah dengan tim kaji ulang IMF nanti juga akan dibicarakan lagi.	Kesepakatan pemerintah dengan tim kaji ulang I-EM-EF nanti juga akan dibicarakan lagi.
5_255	Fariz mengaku hanya tiga puluh dua anggotanya yang berpendidikan sarjana.	Fariz mengaku hanya tiga puluh dua anggotanya yang berpendidikan sarjana.
5_256	Ia mengingatkan Hilal awal Dzulhijjah jatuh esok hari.	Ia mengingatkan Hilal awal Dzulhijjah jatuh Esok hari.
5_257	Hasil survei ini juga ditengarai untuk menunaikan pesanan Amerika Serikat.	Hasil survEi ini juga ditengarai untuk menunaikan pesanan AmErika Serikat.
5_258	Kabag Humas Pemkot Jambi lebih memilih jumpa pers di kafe atau hotel berbintang.	Kabag Humas PEmkot Jambi lebih memilih jumpa pErs di kafE atau hotEl berbintang.
5_259	Kepala Dinas hingga level camat banyak yang diperiksa KPK.	Kepala Dinas hingga lEvEl camat banyak yang diperiksa KA-PE-KA.
5_260	"Dia ke India untuk melihat Taj Mahal, kata Sayed ringan."	"Dia ke India untuk melihat Taj Mahal, kata SayEd ringan."
5_261	"Gugatan akan dilanjutkan ke MA, kata Susilo usai sidang kabinet di Bina Graha."	"Gugatan akan dilanjutkan ke EM-A, kata Susilo usai sidang kabinEt di Bina Graha."
5_262	"Di Dusun Mlandangan, jalan dan drainase serta tiga surau tergenang air."	"Di Dusun Mlandangan, jalan dan drainase serta tiga surau tergenang air."
5_263	Resepsi pernikahan mereka diadakan di komplek gereja di Kabupaten Buton.	REsEpsi pernikahan merEka diadakan di komplEk gerEja di KabupatEn Buton.
5_264	"Bangau juga mengaku tidak takut, begitu ungkap juru bicara militer Letkol Jose Mabanta."	"Bangau juga mengaku tidak takut, begitu ungkap juru bicara militEr LEtkol JosE Mabanta."
5_265	Berdasarkan survei asosiasi periklanan konsumen menyukai suasana bernuansa emas dan bernilai abadi.	Berdasarkan survEi asosiasi periklanan konsumEn menyukai suasana bernuansa emas dan bernilai abadi.
5_266	"Dalam dwitunggal kepemimpinan nasional, presiden memiliki otoritas yang kuat."	"Dalam dwitunggal kepemimpinan nasional, prEsidEn memiliki otoritas yang kuat."
5_267	"Kalau menurut anda, cocok atau tidak Roy memimpin Jakarta?"	"Kalau menurut anda, cocok atau tidak Roy memimpin Jakarta?"
5_268	Dalam pledoinya posisinya relatif netral.	Dalam plEdoinya posisinya relatif nEtral.
5_269	Hal ini dilakukan dalam rangkaian menuju Nyepi.	Hal ini dilakukan dalam rangkaian menuju Nyepi.
5_270	Kali Cileungsi beserta anak-anak sungainya menjadi salah satu program Ahok tahun ini.	Kali Cileungsi beserta anak-anak sungainya menjadi salah satu program Ahok tahun ini.
5_271	Dari hasil survei di Asia Pasifik tidak diketahui dana yang digelontorkan Brunei untuk Siapa.	Dari hasil survEi di Asia Pasifik tidak diketahui dana yang digelontorkan BrunEi untuk Siapa.
5_272	Demikian ucap Bush dan Kedubes Swiss di bakal negara baru itu.	Demikian ucap Bush dan Kedubes Swiss di bakal negara baru itu.
5_273	Di tengah gebyar pop di Takengon diantara dubes yang hadir.	Di tengah gebyar pop di TakEngon diantara dubes yang hadir.
5_274	Dia mengisyaratkan dengan kode khusus itu.	Dia mengisyaratkan dengan kode khusus itu.
5_275	"Kalau fraksi yang lain ingin kocok ulang silahkan saja lakukan, kata Suaeb."	"Kalau fraksi yang lain ingin kocok ulang silahkan saja lakukan, kata SuaEb."
5_276	"Dulu, timah juga dibenci warga."	"Dulu, timah juga dibenci warga."
5_277	Acaranya dimulai pukul empat kurang tiga puluh menit.	Acaranya dimulai pukul empat kurang tiga puluh menit.
5_278	Enam kali dia mencoba mengelabui istri sahnya.	enam kali dia mencoba mengelabui istri sahnya.
5_279	Jumlah wajib pajak di Indonesia mencapai seratus juta jiwa kata Menkeu kepada wartawan.	Jumlah wajib pajak di IndonEsia mencapai seratus juta jiwa kata MEnkEu kepada wartawan.
5_280	Menkopolhukam didatangi sejumlah staf Gedung Putih di Kantor Menko Polkam.	MEnkopolhukam didatangi sejumlah staf Gedung Putih di Kantor MEnko Polkam.
5_281	Krueng Raya tempat Kyai Tapa di dekat Jalan Dieng.	Krueng Raya tempat Kyai Tapa di dekat Jalan DiEng.
5_282	Komunikasi dan Pekerjaan Umum Ovidio Amaral.	Komunikasi dan Pekerjaan Umum Ovidio Amaral.
5_283	Obyek vital akan terganggu Kalau yang terendam travo atau peralatan kontrol lainnya.	ObyEk vital akan terganggu Kalau yang terendam travo atau peralatan kontrol lainnya.
5_284	Isu Syiah Sunni juga memicu polemik hingga ke Iran jelas Ansyori.	Isu Syiah Sunni juga memicu polemik hingga ke Iran jelas Ansyori.
5_285	Kalau gagal Kabag Pembinaan Hukum Mayjend Manurung akan mundur dari jabatannya.	Kalau gagal Kabag Pembinaan Hukum MayjEnd Manurung akan mundur dari jabatannya.
5_286	"Afsel, Azerbaijan dan Belgia juga masuk nominasi calon perebut Bola Emas tersebut."	"Afsel, AzErbaijan dan BElgia juga masuk nominasi calon perebut bola emas tersebut."
5_287	Dia mencuri kain seprei dan segala-galanya yang ada di dalam kamar itu.	Dia mencuri kain seprEi dan segala-galanya yang ada di dalam kamar itu.
5_288	Kalau zaman Pak Harto kan lewat Keppres sehingga lebih kuat pijakannya.	Kalau zaman Pak Harto kan lEwat KepprEs sehingga lebih kuat pijakannya.
5_289	Kapolda Kalteng dijabat oleh Brigjen Bambang Pranoto.	Kapolda Kalteng dijabat olEh BrigjEn Bambang Pranoto.
5_290	Jembatan tol sering dijadikan peneduh para pemotor di jalan.	Jembatan tol sering dijadikan peneduh para pemotor di jalan.
5_291	Kepala Seksi Sub Wilayah Konservasi Sumber Daya Alam Kepulauan Riau.	Kepala SEksi Sub Wilayah Konservasi Sumber Daya Alam Kepulauan Riau.
5_292	Ketua Fraksi Partai Golkar DPR Syamsul Muarif mengakui hal itu.	Ketua Fraksi Partai Golkar DPR Syamsul Muarif mengakui hal itu.
5_293	Khususnya internal plaza saja kata Davenport.	Khususnya internal plaza saja kata Davenport.
5_294	Korps Cadangan Umum dan Korps diplomatik negara sahabat menjadi penanggung jawab kegiatan tersebut.	Korps Cadangan Umum dan Korps diplomatik negara sahabat menjadi penanggung jawab kegiatan tersebut.
5_295	Fuad Bawazier harus mundur ancam massa yang melakukan demo di bundaran HI.	Fuad Bawazir harus mundur ancam massa yang melakukan dEmo di bundaran HI.
5_296	Kata Presiden Francisco Flores di televisi jumlah massa pro-Estrada semakin banyak.	Kata PrEsidEn Fransisko FlorEs di televisi jumlah massa pro-Estrada semakin banyak.
5_297	Permadani yang dipajang di semua kantor cabang dirancang spesial di Jeddah.	Permadani yang dipajang di semua kantor cabang dirancang spEsial di Jeddah.
5_298	Apalagi ini kan antar saudara ucap Ndoen.	Apalagi ini kan antar saudara ucap endoEn.
5_299	"Apalagi kalau SI MPR ngotot digelar, bisa dipastikan kondisi di lapangan akan kacau."	"Apalagi kalau ES-I EM-PE-ER ngotot digelar, bisa dipastikan kondisi di lapangan akan kacau."
5_300	Bego untuk merambah lereng Merapi sebelah selatan di Kabupaten Sleman.	BEgo untuk merambah LErEng Merapi sebelah selatan di KabupatEn SLEman.
